Group,Model,Feature,Importance,Importance_SD,Method,Rank
AD,Random Forest,mmse_last,0.34944662027491546,0.04234216200666007,Permutation importance (test RMSE),1
AD,Random Forest,mmse_min,0.10608900691692318,0.0188880346531047,Permutation importance (test RMSE),2
AD,Random Forest,mmse_mean,0.03728877014335415,0.008693920769697923,Permutation importance (test RMSE),3
AD,Random Forest,casi_language_min,0.016401729355458795,0.005284777499856976,Permutation importance (test RMSE),4
AD,Random Forest,casi_total_min,0.011284027291764715,0.005987720552421897,Permutation importance (test RMSE),5
AD,Random Forest,cdr_sob_last,0.007895939535182722,0.0034629300518156983,Permutation importance (test RMSE),6
AD,Random Forest,casi_total_last,0.003751354343470406,0.005361967180924621,Permutation importance (test RMSE),7
AD,Random Forest,cdr_sob_max,0.0036402516312055906,0.0025765558819000702,Permutation importance (test RMSE),8
AD,Random Forest,cdr_community_mean,0.0023448524571955316,0.0009943954965545843,Permutation importance (test RMSE),9
AD,Random Forest,visit_gap_log_std,0.0021887106672681565,0.0008547443379667823,Permutation importance (test RMSE),10
AD,Random Forest,casi_verbal_fluency_std,0.0021842725463648237,0.0009034222630104835,Permutation importance (test RMSE),11
AD,Random Forest,mmse_max,0.0014667933619311596,0.0009202546536648188,Permutation importance (test RMSE),12
AD,Random Forest,cdr_memory_last,0.0012291698526899265,0.0010043080893436542,Permutation importance (test RMSE),13
AD,Random Forest,cdr_memory_mean,0.0010165184306708736,0.001854364990151302,Permutation importance (test RMSE),14
AD,Random Forest,cdr_judgment_mean,0.0009903050033461924,0.001417695998458389,Permutation importance (test RMSE),15
AD,Random Forest,casi_total_std,0.0009724369230018432,0.00033297838428584294,Permutation importance (test RMSE),16
AD,Random Forest,casi_orientation_last,0.0009711987844526731,0.0005528135417406662,Permutation importance (test RMSE),17
AD,Random Forest,casi_abstraction_std,0.000899561047229619,0.00022632491728136547,Permutation importance (test RMSE),18
AD,Random Forest,casi_short_term_memory_std,0.0008383134846323248,0.0002727912345886248,Permutation importance (test RMSE),19
AD,Random Forest,casi_long_term_memory_min,0.000762322272268634,0.0005384573572613743,Permutation importance (test RMSE),20
AD,Random Forest,cdr_home_hobbies_last,0.0005823318126886856,0.0006292605824532189,Permutation importance (test RMSE),21
AD,Random Forest,cdr_memory_max,0.0005807608514274809,0.0003323005001037784,Permutation importance (test RMSE),22
AD,Random Forest,casi_attention_std,0.0005779859888014605,0.0008746042248376114,Permutation importance (test RMSE),23
AD,Random Forest,cdr_global_last,0.0005480880065886345,0.0011406740065214663,Permutation importance (test RMSE),24
AD,Random Forest,cdr_community_last,0.0005431042780692424,0.0005569384384918772,Permutation importance (test RMSE),25
AD,Random Forest,ldl_gap_days_log_std,0.0004761658679946545,0.00023920369764994227,Permutation importance (test RMSE),26
AD,Random Forest,casi_language_std,0.0004710137804332798,0.0002341584926486645,Permutation importance (test RMSE),27
AD,Random Forest,cdr_sob_mean,0.0004403039766820438,0.0006683322051084857,Permutation importance (test RMSE),28
AD,Random Forest,cdr_orientation_mean,0.00041409490113029636,0.00029633227766124833,Permutation importance (test RMSE),29
AD,Random Forest,cdr_global_mean,0.0004092397759319161,0.0002718926166687153,Permutation importance (test RMSE),30
AD,Random Forest,cdr_community_max,0.000393041914669634,0.0001650393277352182,Permutation importance (test RMSE),31
AD,Random Forest,cdr_community_std,0.0003710572076739471,0.000421176357675442,Permutation importance (test RMSE),32
AD,Random Forest,age_first_mmse_last,0.0003551129910393386,0.00024862925815697393,Permutation importance (test RMSE),33
AD,Random Forest,cdr_orientation_last,0.00034810065882211194,0.0003097411970653374,Permutation importance (test RMSE),34
AD,Random Forest,visit_gap_log_last,0.0003397575731390268,0.00023356321147579955,Permutation importance (test RMSE),35
AD,Random Forest,casi_orientation_min,0.0003088692008436728,0.0001565644312663329,Permutation importance (test RMSE),36
AD,Random Forest,cdr_orientation_max,0.0002888708901716469,0.0001980745768325523,Permutation importance (test RMSE),37
AD,Random Forest,casi_orientation_std,0.0002392847853478125,0.00010937422039673691,Permutation importance (test RMSE),38
AD,Random Forest,cdr_personal_care_mean,0.00023489359555813326,0.0002414624149553442,Permutation importance (test RMSE),39
AD,Random Forest,education_min,0.0002333271835894074,0.0001965900469135513,Permutation importance (test RMSE),40
AD,Random Forest,education_max,0.0002198786103205619,0.0001751703617821913,Permutation importance (test RMSE),41
AD,Random Forest,apoe4_count_min,0.00021457557926630178,0.00017386152074547252,Permutation importance (test RMSE),42
AD,Random Forest,casi_short_term_memory_min,0.00020295002828633058,0.0002405263980896005,Permutation importance (test RMSE),43
AD,Random Forest,education_mean,0.00018565339447468575,0.00016534448319732427,Permutation importance (test RMSE),44
AD,Random Forest,casi_language_max,0.00018114071417070499,9.767290897704615e-05,Permutation importance (test RMSE),45
AD,Random Forest,cdr_memory_min,0.00017187337918383728,0.0001093160931702165,Permutation importance (test RMSE),46
AD,Random Forest,casi_total_missing_last,0.00016922004818459014,6.567339849117652e-05,Permutation importance (test RMSE),47
AD,Random Forest,days_since_casi_missing_min,0.0001654659483067672,4.0786917851663985e-06,Permutation importance (test RMSE),48
AD,Random Forest,hypertension_mean,0.0001547737713818026,4.8249282832135694e-05,Permutation importance (test RMSE),49
AD,Random Forest,triglyceride_max,0.00015293936696486322,0.00011360224980633054,Permutation importance (test RMSE),50
AD,Random Forest,total_cholesterol_std,0.00015075718205296017,0.0002956916355670518,Permutation importance (test RMSE),51
AD,Random Forest,casi_long_term_memory_std,0.000147368724624547,0.00027114989605127424,Permutation importance (test RMSE),52
AD,Random Forest,vldl_min,0.00013872963302333506,0.00032447313392129184,Permutation importance (test RMSE),53
AD,Random Forest,apoe4_count_max,0.0001368815076424612,0.0001765722215680023,Permutation importance (test RMSE),54
AD,Random Forest,cdr_personal_care_max,0.00013671717380807634,6.923182086499843e-05,Permutation importance (test RMSE),55
AD,Random Forest,age_first_mmse_min,0.00013116250561150122,0.0001852486001774046,Permutation importance (test RMSE),56
AD,Random Forest,cdr_home_hobbies_max,0.00011978561542216049,6.0339661148468675e-05,Permutation importance (test RMSE),57
AD,Random Forest,casi_long_term_memory_mean,0.00011624121604376925,0.00022052514095474216,Permutation importance (test RMSE),58
AD,Random Forest,casi_abstraction_mean,0.00011078354658453638,0.0002929271659574942,Permutation importance (test RMSE),59
AD,Random Forest,ldl_mean,0.00011055226567721065,0.000290704624745069,Permutation importance (test RMSE),60
AD,Random Forest,visit_gap_log_max,0.00010541029662410606,0.00013504984423243343,Permutation importance (test RMSE),61
AD,Random Forest,ldl_std,0.00010416560507958139,9.902913181072878e-05,Permutation importance (test RMSE),62
AD,Random Forest,fasting_glucose_missing_max,0.00010363095046707349,4.302979337064428e-05,Permutation importance (test RMSE),63
AD,Random Forest,fasting_glucose_gap_days_log_max,0.00010173176105368331,9.569987441555988e-05,Permutation importance (test RMSE),64
AD,Random Forest,hba1c_gap_days_log_std,0.00010099837056245232,6.90943956650723e-05,Permutation importance (test RMSE),65
AD,Random Forest,cdr_judgment_max,9.890712218214303e-05,0.00017527925632087395,Permutation importance (test RMSE),66
AD,Random Forest,total_cholesterol_gap_days_log_std,9.640649542461965e-05,0.00014096044203788178,Permutation importance (test RMSE),67
AD,Random Forest,casi_short_term_memory_missing_mean,9.613873505457116e-05,4.549869765474588e-05,Permutation importance (test RMSE),68
AD,Random Forest,casi_long_term_memory_missing_last,7.989960771025706e-05,3.654834440455526e-05,Permutation importance (test RMSE),69
AD,Random Forest,education_last,7.6307360588318e-05,8.299171484040583e-05,Permutation importance (test RMSE),70
AD,Random Forest,casi_mental_manipulation_last,7.521284846818687e-05,0.0014822614362160085,Permutation importance (test RMSE),71
AD,Random Forest,casi_total_missing_std,7.430260983662673e-05,5.345556224212343e-05,Permutation importance (test RMSE),72
AD,Random Forest,hdl_max,7.155343665481429e-05,0.00019043160955655377,Permutation importance (test RMSE),73
AD,Random Forest,cdr_personal_care_min,6.883497141645101e-05,7.495310053885742e-05,Permutation importance (test RMSE),74
AD,Random Forest,total_cholesterol_last,6.552969870173287e-05,0.0001544636565527425,Permutation importance (test RMSE),75
AD,Random Forest,casi_mental_manipulation_max,6.321719178571105e-05,0.00011510295301794338,Permutation importance (test RMSE),76
AD,Random Forest,hypertension_max,5.927434534908904e-05,3.869541470031992e-05,Permutation importance (test RMSE),77
AD,Random Forest,cdr_home_hobbies_mean,5.8662404564446825e-05,0.00019321641192836055,Permutation importance (test RMSE),78
AD,Random Forest,hba1c_gap_days_log_max,5.791722682280953e-05,0.00013318958730023362,Permutation importance (test RMSE),79
AD,Random Forest,casi_drawing_min,5.428295884715162e-05,0.00018501406559076839,Permutation importance (test RMSE),80
AD,Random Forest,cdr_global_min,5.1697546260737195e-05,9.50205860143829e-05,Permutation importance (test RMSE),81
AD,Random Forest,casi_drawing_max,5.0239567092316693e-05,0.00013092417734259776,Permutation importance (test RMSE),82
AD,Random Forest,casi_total_missing_mean,4.511151874529995e-05,3.19314462486085e-05,Permutation importance (test RMSE),83
AD,Random Forest,triglyceride_std,4.347674120312728e-05,9.392248484455822e-05,Permutation importance (test RMSE),84
AD,Random Forest,diabetes_min,4.143365812214472e-05,2.1908716202071283e-05,Permutation importance (test RMSE),85
AD,Random Forest,total_cholesterol_min,4.1021060182028224e-05,0.00013226940142639128,Permutation importance (test RMSE),86
AD,Random Forest,casi_verbal_fluency_min,3.911709150748177e-05,0.00023081720543986268,Permutation importance (test RMSE),87
AD,Random Forest,hba1c_std,3.806400080359207e-05,8.874929765403575e-05,Permutation importance (test RMSE),88
AD,Random Forest,casi_abstraction_missing_mean,3.47562734935164e-05,4.2505394217852346e-05,Permutation importance (test RMSE),89
AD,Random Forest,diabetes_mean,3.294057556698926e-05,2.156363334184652e-05,Permutation importance (test RMSE),90
AD,Random Forest,fasting_glucose_missing_mean,2.9382074066192088e-05,2.2740018325659796e-05,Permutation importance (test RMSE),91
AD,Random Forest,casi_orientation_mean,2.8958884496699254e-05,0.00023143794595446428,Permutation importance (test RMSE),92
AD,Random Forest,casi_verbal_fluency_missing_mean,2.618141400969054e-05,4.807334042283696e-05,Permutation importance (test RMSE),93
AD,Random Forest,casi_long_term_memory_missing_mean,2.3652484386929574e-05,1.8055872400815273e-05,Permutation importance (test RMSE),94
AD,Random Forest,age_first_mmse_max,2.3350927201912232e-05,0.0002693734462551308,Permutation importance (test RMSE),95
AD,Random Forest,hba1c_mean,2.300706036863498e-05,0.00010322914630554633,Permutation importance (test RMSE),96
AD,Random Forest,age_first_mmse_mean,2.112585941956846e-05,0.00018212211813113652,Permutation importance (test RMSE),97
AD,Random Forest,days_since_casi_missing_mean,1.773368960117927e-05,1.600498372146661e-05,Permutation importance (test RMSE),98
AD,Random Forest,total_cholesterol_gap_days_log_mean,1.4700134663298004e-05,4.229560102529241e-05,Permutation importance (test RMSE),99
AD,Random Forest,apoe4_count_mean,1.4595742227779817e-05,0.00015432396517418425,Permutation importance (test RMSE),100
AD,Random Forest,fasting_glucose_gap_days_log_mean,1.116899889984091e-05,0.00019293303366961953,Permutation importance (test RMSE),101
AD,Random Forest,has_recent_casi_std,1.0815406350689338e-05,1.9374794668080774e-05,Permutation importance (test RMSE),102
AD,Random Forest,casi_attention_min,1.0784268370070404e-05,0.00036405575450992135,Permutation importance (test RMSE),103
AD,Random Forest,fasting_glucose_last,8.946768189876941e-06,0.00011149970368812768,Permutation importance (test RMSE),104
AD,Random Forest,casi_attention_max,8.44863115978811e-06,7.048549840012935e-05,Permutation importance (test RMSE),105
AD,Random Forest,cdr_sob_std,6.55922837476397e-06,0.0011701220940720227,Permutation importance (test RMSE),106
AD,Random Forest,casi_mental_manipulation_missing_std,6.447750038152123e-06,9.69684768279596e-06,Permutation importance (test RMSE),107
AD,Random Forest,hyperlipidemia_last,5.968044028745178e-06,2.1047007698436784e-05,Permutation importance (test RMSE),108
AD,Random Forest,triglyceride_gap_days_log_std,5.936801382516732e-06,0.00010255548145978263,Permutation importance (test RMSE),109
AD,Random Forest,hyperlipidemia_min,4.825672104577516e-06,3.3390911114214853e-06,Permutation importance (test RMSE),110
AD,Random Forest,cdr_global_max,4.573930153861649e-06,4.678653758666812e-05,Permutation importance (test RMSE),111
AD,Random Forest,has_recent_casi_min,4.5185626718374785e-06,4.995458991424799e-06,Permutation importance (test RMSE),112
AD,Random Forest,fasting_glucose_gap_days_log_last,4.28450191941876e-06,3.202221080392333e-06,Permutation importance (test RMSE),113
AD,Random Forest,hba1c_min,3.5350806047357296e-06,0.0001671454074796338,Permutation importance (test RMSE),114
AD,Random Forest,casi_long_term_memory_missing_std,2.976867950180151e-06,1.718695512404119e-06,Permutation importance (test RMSE),115
AD,Random Forest,casi_short_term_memory_missing_std,2.792560060313476e-06,7.154747515912535e-06,Permutation importance (test RMSE),116
AD,Random Forest,apoe_missing_min,2.5746689085476284e-06,1.7797269402781027e-05,Permutation importance (test RMSE),117
AD,Random Forest,casi_mental_manipulation_missing_min,-5.551115123125783e-18,1.665334536937735e-17,Permutation importance (test RMSE),118
AD,Random Forest,casi_short_term_memory_missing_min,-5.551115123125783e-18,1.665334536937735e-17,Permutation importance (test RMSE),119
AD,Random Forest,vldl_missing_min,-8.326672684688674e-18,1.9821445675202303e-17,Permutation importance (test RMSE),120
AD,Random Forest,hdl_gap_days_log_missing_min,-8.326672684688674e-18,1.9821445675202303e-17,Permutation importance (test RMSE),121
AD,Random Forest,casi_verbal_fluency_missing_max,-8.326672684688674e-18,1.9821445675202303e-17,Permutation importance (test RMSE),122
AD,Random Forest,fasting_glucose_gap_days_log_min,-8.326672684688674e-18,1.9821445675202303e-17,Permutation importance (test RMSE),123
AD,Random Forest,ldl_gap_days_log_missing_max,-1.1102230246251566e-17,2.2204460492503135e-17,Permutation importance (test RMSE),124
AD,Random Forest,casi_attention_missing_mean,-1.1102230246251566e-17,2.2204460492503132e-17,Permutation importance (test RMSE),125
AD,Random Forest,vldl_missing_mean,-1.1102230246251566e-17,2.2204460492503132e-17,Permutation importance (test RMSE),126
AD,Random Forest,apoe_missing_last,-1.1102230246251566e-17,2.2204460492503135e-17,Permutation importance (test RMSE),127
AD,Random Forest,days_since_casi_mean,-1.3877787807814457e-17,2.4037033579794548e-17,Permutation importance (test RMSE),128
AD,Random Forest,apoe_missing_max,-1.3877787807814457e-17,2.4037033579794548e-17,Permutation importance (test RMSE),129
AD,Random Forest,triglyceride_gap_days_log_missing_std,-1.3877787807814457e-17,2.4037033579794548e-17,Permutation importance (test RMSE),130
AD,Random Forest,triglyceride_missing_last,-1.3877787807814457e-17,2.4037033579794548e-17,Permutation importance (test RMSE),131
AD,Random Forest,total_cholesterol_missing_last,-1.3877787807814457e-17,2.9764538874609305e-17,Permutation importance (test RMSE),132
AD,Random Forest,cdr_community_min,-1.3877787807814457e-17,2.4037033579794548e-17,Permutation importance (test RMSE),133
AD,Random Forest,apoe4_count_std,-1.3877787807814457e-17,2.4037033579794548e-17,Permutation importance (test RMSE),134
AD,Random Forest,casi_language_missing_min,-1.3877787807814457e-17,2.4037033579794548e-17,Permutation importance (test RMSE),135
AD,Random Forest,total_cholesterol_gap_days_log_missing_std,-1.3877787807814457e-17,2.4037033579794548e-17,Permutation importance (test RMSE),136
AD,Random Forest,ldl_gap_days_log_missing_std,-1.3877787807814457e-17,2.4037033579794548e-17,Permutation importance (test RMSE),137
AD,Random Forest,hyperlipidemia_std,-1.6653345369377347e-17,2.5438405243138004e-17,Permutation importance (test RMSE),138
AD,Random Forest,hba1c_missing_std,-1.6653345369377347e-17,2.5438405243138004e-17,Permutation importance (test RMSE),139
AD,Random Forest,total_cholesterol_gap_days_log_missing_max,-1.6653345369377347e-17,2.5438405243138004e-17,Permutation importance (test RMSE),140
AD,Random Forest,fasting_glucose_gap_days_log_missing_std,-1.6653345369377347e-17,2.5438405243138004e-17,Permutation importance (test RMSE),141
AD,Random Forest,hypertension_std,-1.6653345369377347e-17,2.5438405243138004e-17,Permutation importance (test RMSE),142
AD,Random Forest,ldl_gap_days_log_min,-1.6653345369377347e-17,2.5438405243138004e-17,Permutation importance (test RMSE),143
AD,Random Forest,casi_orientation_missing_min,-1.6653345369377347e-17,2.5438405243138004e-17,Permutation importance (test RMSE),144
AD,Random Forest,hdl_missing_std,-1.6653345369377347e-17,2.5438405243138004e-17,Permutation importance (test RMSE),145
AD,Random Forest,total_cholesterol_gap_days_log_min,-1.6653345369377347e-17,2.5438405243138004e-17,Permutation importance (test RMSE),146
AD,Random Forest,fasting_glucose_gap_days_log_missing_max,-1.6653345369377347e-17,2.5438405243138004e-17,Permutation importance (test RMSE),147
AD,Random Forest,casi_attention_missing_std,-1.6653345369377347e-17,2.5438405243138004e-17,Permutation importance (test RMSE),148
AD,Random Forest,casi_verbal_fluency_missing_min,-1.6653345369377347e-17,2.5438405243138004e-17,Permutation importance (test RMSE),149
AD,Random Forest,casi_orientation_missing_max,-1.6653345369377347e-17,2.5438405243138004e-17,Permutation importance (test RMSE),150
AD,Random Forest,casi_drawing_missing_std,-1.6653345369377347e-17,2.5438405243138004e-17,Permutation importance (test RMSE),151
AD,Random Forest,casi_total_missing_max,-1.6653345369377347e-17,2.5438405243138004e-17,Permutation importance (test RMSE),152
AD,Random Forest,casi_abstraction_missing_last,-1.6653345369377347e-17,3.554447978966673e-17,Permutation importance (test RMSE),153
AD,Random Forest,hdl_missing_max,-1.6653345369377347e-17,2.5438405243138004e-17,Permutation importance (test RMSE),154
AD,Random Forest,hdl_missing_min,-1.6653345369377347e-17,2.5438405243138004e-17,Permutation importance (test RMSE),155
AD,Random Forest,hdl_gap_days_log_missing_last,-1.6653345369377347e-17,3.090730095650652e-17,Permutation importance (test RMSE),156
AD,Random Forest,fasting_glucose_gap_days_log_missing_last,-1.6653345369377347e-17,2.5438405243138004e-17,Permutation importance (test RMSE),157
AD,Random Forest,triglyceride_gap_days_log_missing_min,-1.6653345369377347e-17,2.5438405243138004e-17,Permutation importance (test RMSE),158
AD,Random Forest,triglyceride_gap_days_log_missing_mean,-1.6653345369377347e-17,2.5438405243138004e-17,Permutation importance (test RMSE),159
AD,Random Forest,total_cholesterol_gap_days_log_last,-1.6653345369377347e-17,2.5438405243138004e-17,Permutation importance (test RMSE),160
AD,Random Forest,triglyceride_missing_std,-1.9428902930940238e-17,2.6477131637640696e-17,Permutation importance (test RMSE),161
AD,Random Forest,vldl_gap_days_log_missing_std,-1.9428902930940238e-17,2.64771316376407e-17,Permutation importance (test RMSE),162
AD,Random Forest,fasting_glucose_missing_std,-1.9428902930940238e-17,2.6477131637640696e-17,Permutation importance (test RMSE),163
AD,Random Forest,education_std,-1.9428902930940238e-17,2.6477131637640693e-17,Permutation importance (test RMSE),164
AD,Random Forest,vldl_gap_days_log_min,-1.9428902930940238e-17,2.64771316376407e-17,Permutation importance (test RMSE),165
AD,Random Forest,casi_attention_missing_min,-1.9428902930940238e-17,2.6477131637640696e-17,Permutation importance (test RMSE),166
AD,Random Forest,casi_attention_missing_max,-1.9428902930940238e-17,2.6477131637640696e-17,Permutation importance (test RMSE),167
AD,Random Forest,fasting_glucose_gap_days_log_missing_mean,-1.9428902930940238e-17,3.176770830354169e-17,Permutation importance (test RMSE),168
AD,Random Forest,ldl_gap_days_log_missing_mean,-1.9428902930940238e-17,2.6477131637640696e-17,Permutation importance (test RMSE),169
AD,Random Forest,ldl_gap_days_log_missing_min,-1.9428902930940238e-17,2.6477131637640696e-17,Permutation importance (test RMSE),170
AD,Random Forest,hba1c_gap_days_log_min,-1.9428902930940238e-17,2.6477131637640696e-17,Permutation importance (test RMSE),171
AD,Random Forest,casi_mental_manipulation_missing_last,-1.9428902930940238e-17,2.6477131637640696e-17,Permutation importance (test RMSE),172
AD,Random Forest,casi_verbal_fluency_missing_last,-1.9428902930940238e-17,2.64771316376407e-17,Permutation importance (test RMSE),173
AD,Random Forest,hba1c_gap_days_log_missing_mean,-1.9428902930940238e-17,2.6477131637640693e-17,Permutation importance (test RMSE),174
AD,Random Forest,days_since_casi_missing_max,-1.9428902930940238e-17,2.6477131637640693e-17,Permutation importance (test RMSE),175
AD,Random Forest,hba1c_gap_days_log_missing_min,-1.9428902930940238e-17,2.6477131637640693e-17,Permutation importance (test RMSE),176
AD,Random Forest,ldl_missing_max,-1.9428902930940238e-17,2.6477131637640693e-17,Permutation importance (test RMSE),177
AD,Random Forest,vldl_gap_days_log_missing_last,-1.9428902930940238e-17,3.176770830354169e-17,Permutation importance (test RMSE),178
AD,Random Forest,hba1c_gap_days_log_missing_std,-1.9428902930940238e-17,2.6477131637640696e-17,Permutation importance (test RMSE),179
AD,Random Forest,days_since_casi_last,-1.9428902930940238e-17,2.6477131637640696e-17,Permutation importance (test RMSE),180
AD,Random Forest,total_cholesterol_missing_std,-1.9428902930940238e-17,2.64771316376407e-17,Permutation importance (test RMSE),181
AD,Random Forest,total_cholesterol_missing_mean,-1.9428902930940238e-17,2.6477131637640696e-17,Permutation importance (test RMSE),182
AD,Random Forest,ldl_gap_days_log_last,-1.9428902930940238e-17,2.6477131637640696e-17,Permutation importance (test RMSE),183
AD,Random Forest,vldl_missing_last,-1.9428902930940238e-17,2.6477131637640696e-17,Permutation importance (test RMSE),184
AD,Random Forest,casi_language_missing_std,-2.2204460492503132e-17,2.719479911021037e-17,Permutation importance (test RMSE),185
AD,Random Forest,hba1c_gap_days_log_missing_last,-2.2204460492503132e-17,2.719479911021037e-17,Permutation importance (test RMSE),186
AD,Random Forest,casi_short_term_memory_missing_last,-2.2204460492503132e-17,2.719479911021037e-17,Permutation importance (test RMSE),187
AD,Random Forest,hba1c_missing_mean,-2.2204460492503132e-17,2.7194799110210372e-17,Permutation importance (test RMSE),188
AD,Random Forest,hdl_gap_days_log_missing_mean,-2.2204460492503132e-17,2.719479911021037e-17,Permutation importance (test RMSE),189
AD,Random Forest,hypertension_last,-2.2204460492503132e-17,3.236828524569469e-17,Permutation importance (test RMSE),190
AD,Random Forest,fasting_glucose_missing_min,-2.2204460492503132e-17,2.719479911021037e-17,Permutation importance (test RMSE),191
AD,Random Forest,fasting_glucose_gap_days_log_missing_min,-2.2204460492503132e-17,2.719479911021037e-17,Permutation importance (test RMSE),192
AD,Random Forest,casi_orientation_missing_last,-2.2204460492503132e-17,3.236828524569469e-17,Permutation importance (test RMSE),193
AD,Random Forest,casi_drawing_missing_last,-2.2204460492503132e-17,2.719479911021037e-17,Permutation importance (test RMSE),194
AD,Random Forest,casi_drawing_missing_max,-2.2204460492503132e-17,2.719479911021037e-17,Permutation importance (test RMSE),195
AD,Random Forest,apoe_missing_std,-2.2204460492503132e-17,2.719479911021037e-17,Permutation importance (test RMSE),196
AD,Random Forest,triglyceride_gap_days_log_last,-2.2204460492503132e-17,2.719479911021037e-17,Permutation importance (test RMSE),197
AD,Random Forest,age_first_mmse_std,-2.2204460492503132e-17,2.7194799110210372e-17,Permutation importance (test RMSE),198
AD,Random Forest,vldl_gap_days_log_missing_max,-2.2204460492503132e-17,2.7194799110210372e-17,Permutation importance (test RMSE),199
AD,Random Forest,casi_mental_manipulation_missing_max,-2.2204460492503132e-17,2.7194799110210372e-17,Permutation importance (test RMSE),200
AD,Random Forest,triglyceride_gap_days_log_min,-2.4980018054066023e-17,2.7616449047213608e-17,Permutation importance (test RMSE),201
AD,Random Forest,days_since_casi_min,-2.4980018054066023e-17,2.761644904721361e-17,Permutation importance (test RMSE),202
AD,Random Forest,total_cholesterol_gap_days_log_missing_mean,-2.4980018054066023e-17,2.761644904721361e-17,Permutation importance (test RMSE),203
AD,Random Forest,total_cholesterol_gap_days_log_missing_last,-2.4980018054066023e-17,2.7616449047213608e-17,Permutation importance (test RMSE),204
AD,Random Forest,ldl_gap_days_log_missing_last,-2.4980018054066023e-17,2.761644904721361e-17,Permutation importance (test RMSE),205
AD,Random Forest,triglyceride_missing_max,-2.4980018054066023e-17,2.761644904721361e-17,Permutation importance (test RMSE),206
AD,Random Forest,triglyceride_gap_days_log_missing_last,-2.4980018054066023e-17,3.272334104395979e-17,Permutation importance (test RMSE),207
AD,Random Forest,hba1c_gap_days_log_missing_max,-2.4980018054066023e-17,2.7616449047213605e-17,Permutation importance (test RMSE),208
AD,Random Forest,hba1c_missing_min,-2.4980018054066023e-17,2.761644904721361e-17,Permutation importance (test RMSE),209
AD,Random Forest,gender_std,-2.4980018054066023e-17,2.7616449047213608e-17,Permutation importance (test RMSE),210
AD,Random Forest,diabetes_std,-2.4980018054066023e-17,2.761644904721361e-17,Permutation importance (test RMSE),211
AD,Random Forest,vldl_gap_days_log_missing_mean,-2.4980018054066023e-17,2.761644904721361e-17,Permutation importance (test RMSE),212
AD,Random Forest,triglyceride_gap_days_log_missing_max,-2.4980018054066023e-17,2.7616449047213608e-17,Permutation importance (test RMSE),213
AD,Random Forest,hdl_missing_mean,-2.4980018054066023e-17,2.761644904721361e-17,Permutation importance (test RMSE),214
AD,Random Forest,days_since_casi_max,-2.4980018054066023e-17,2.761644904721361e-17,Permutation importance (test RMSE),215
AD,Random Forest,ldl_missing_std,-2.4980018054066023e-17,2.7616449047213608e-17,Permutation importance (test RMSE),216
AD,Random Forest,hdl_missing_last,-2.4980018054066023e-17,2.7616449047213608e-17,Permutation importance (test RMSE),217
AD,Random Forest,fasting_glucose_missing_last,-2.4980018054066023e-17,2.7616449047213608e-17,Permutation importance (test RMSE),218
AD,Random Forest,total_cholesterol_missing_min,-2.4980018054066023e-17,2.761644904721361e-17,Permutation importance (test RMSE),219
AD,Random Forest,casi_abstraction_missing_min,-2.4980018054066023e-17,2.761644904721361e-17,Permutation importance (test RMSE),220
AD,Random Forest,hba1c_gap_days_log_last,-2.4980018054066023e-17,2.7616449047213608e-17,Permutation importance (test RMSE),221
AD,Random Forest,casi_long_term_memory_missing_max,-2.4980018054066023e-17,2.761644904721361e-17,Permutation importance (test RMSE),222
AD,Random Forest,hdl_gap_days_log_min,-2.4980018054066023e-17,2.7616449047213608e-17,Permutation importance (test RMSE),223
AD,Random Forest,days_since_casi_std,-2.7755575615628914e-17,2.7755575615628914e-17,Permutation importance (test RMSE),224
AD,Random Forest,casi_total_missing_min,-2.7755575615628914e-17,2.7755575615628914e-17,Permutation importance (test RMSE),225
AD,Random Forest,apoe_missing_mean,-2.7755575615628914e-17,2.7755575615628914e-17,Permutation importance (test RMSE),226
AD,Random Forest,hdl_gap_days_log_missing_std,-2.7755575615628914e-17,2.7755575615628914e-17,Permutation importance (test RMSE),227
AD,Random Forest,hdl_gap_days_log_last,-2.7755575615628914e-17,2.7755575615628914e-17,Permutation importance (test RMSE),228
AD,Random Forest,triglyceride_missing_min,-2.7755575615628914e-17,2.7755575615628914e-17,Permutation importance (test RMSE),229
AD,Random Forest,ldl_missing_mean,-2.7755575615628914e-17,2.7755575615628914e-17,Permutation importance (test RMSE),230
AD,Random Forest,vldl_missing_max,-2.7755575615628914e-17,2.7755575615628914e-17,Permutation importance (test RMSE),231
AD,Random Forest,casi_attention_missing_last,-2.7755575615628914e-17,2.7755575615628914e-17,Permutation importance (test RMSE),232
AD,Random Forest,casi_short_term_memory_missing_max,-2.7755575615628914e-17,2.7755575615628914e-17,Permutation importance (test RMSE),233
AD,Random Forest,vldl_missing_std,-2.7755575615628914e-17,2.7755575615628914e-17,Permutation importance (test RMSE),234
AD,Random Forest,ldl_missing_min,-2.7755575615628914e-17,2.7755575615628914e-17,Permutation importance (test RMSE),235
AD,Random Forest,casi_long_term_memory_missing_min,-2.7755575615628914e-17,2.7755575615628914e-17,Permutation importance (test RMSE),236
AD,Random Forest,casi_drawing_missing_min,-3.053113317719181e-17,2.7616449047213605e-17,Permutation importance (test RMSE),237
AD,Random Forest,hdl_gap_days_log_missing_max,-3.053113317719181e-17,2.7616449047213605e-17,Permutation importance (test RMSE),238
AD,Random Forest,has_recent_casi_max,-3.053113317719181e-17,3.272334104395979e-17,Permutation importance (test RMSE),239
AD,Random Forest,hba1c_missing_last,-3.053113317719181e-17,2.7616449047213605e-17,Permutation importance (test RMSE),240
AD,Random Forest,casi_language_missing_last,-3.053113317719181e-17,2.7616449047213608e-17,Permutation importance (test RMSE),241
AD,Random Forest,casi_abstraction_missing_max,-3.3306690738754695e-17,2.719479911021037e-17,Permutation importance (test RMSE),242
AD,Random Forest,triglyceride_missing_mean,-3.3306690738754695e-17,2.719479911021037e-17,Permutation importance (test RMSE),243
AD,Random Forest,visit_gap_log_min,-3.3306690738754695e-17,2.719479911021037e-17,Permutation importance (test RMSE),244
AD,Random Forest,hba1c_missing_max,-3.608224830031759e-17,2.6477131637640693e-17,Permutation importance (test RMSE),245
AD,Random Forest,has_recent_casi_last,-3.608224830031759e-17,2.6477131637640696e-17,Permutation importance (test RMSE),246
AD,Random Forest,casi_abstraction_max,-4.4220556613405736e-07,0.00015067904875768162,Permutation importance (test RMSE),247
AD,Random Forest,days_since_casi_missing_last,-1.3690002480887254e-06,2.7019694439026316e-05,Permutation importance (test RMSE),248
AD,Random Forest,casi_abstraction_missing_std,-3.815753827243751e-06,3.193825294222918e-05,Permutation importance (test RMSE),249
AD,Random Forest,vldl_gap_days_log_std,-5.302799502546196e-06,0.000168325016543415,Permutation importance (test RMSE),250
AD,Random Forest,cdr_judgment_last,-6.129464533830009e-06,0.0001560947892250602,Permutation importance (test RMSE),251
AD,Random Forest,fasting_glucose_gap_days_log_std,-7.846717426465699e-06,0.00014344691094389145,Permutation importance (test RMSE),252
AD,Random Forest,diabetes_last,-8.305496269586654e-06,6.210960696218289e-06,Permutation importance (test RMSE),253
AD,Random Forest,casi_language_missing_max,-9.915034468147011e-06,1.6651972227722042e-05,Permutation importance (test RMSE),254
AD,Random Forest,hyperlipidemia_max,-1.1040277847848556e-05,3.725457080508762e-05,Permutation importance (test RMSE),255
AD,Random Forest,casi_drawing_missing_mean,-1.1208718358787784e-05,3.352472260251588e-05,Permutation importance (test RMSE),256
AD,Random Forest,hypertension_min,-1.148304185707716e-05,6.529601398368728e-06,Permutation importance (test RMSE),257
AD,Random Forest,casi_long_term_memory_max,-1.6948365040045376e-05,4.936836388045161e-05,Permutation importance (test RMSE),258
AD,Random Forest,casi_language_missing_mean,-1.7447373518611475e-05,4.078395259369819e-05,Permutation importance (test RMSE),259
AD,Random Forest,days_since_casi_missing_std,-2.1263843047589213e-05,5.0780561279304994e-05,Permutation importance (test RMSE),260
AD,Random Forest,total_cholesterol_max,-2.674139437531531e-05,0.00016489636883202773,Permutation importance (test RMSE),261
AD,Random Forest,total_cholesterol_missing_max,-2.780298377841328e-05,2.8238523799487186e-05,Permutation importance (test RMSE),262
AD,Random Forest,cdr_personal_care_last,-2.8141426743422128e-05,0.000745735967250329,Permutation importance (test RMSE),263
AD,Random Forest,total_cholesterol_gap_days_log_missing_min,-2.8859050128762777e-05,2.353003371364151e-05,Permutation importance (test RMSE),264
AD,Random Forest,casi_abstraction_min,-3.057274408210242e-05,0.00021686739185139281,Permutation importance (test RMSE),265
AD,Random Forest,casi_orientation_missing_std,-3.291391475470362e-05,6.176490475268915e-05,Permutation importance (test RMSE),266
AD,Random Forest,hdl_gap_days_log_std,-3.3714824882916106e-05,0.0002161091704271133,Permutation importance (test RMSE),267
AD,Random Forest,triglyceride_gap_days_log_mean,-3.574828970145383e-05,9.808283869084025e-05,Permutation importance (test RMSE),268
AD,Random Forest,mmse_std,-3.967993000180414e-05,0.000665858568721789,Permutation importance (test RMSE),269
AD,Random Forest,casi_attention_mean,-4.519026841857954e-05,0.0005381116409227592,Permutation importance (test RMSE),270
AD,Random Forest,fasting_glucose_max,-4.582078419146096e-05,0.00010551608590861709,Permutation importance (test RMSE),271
AD,Random Forest,gender_mean,-4.8363580332710934e-05,6.027791118806301e-05,Permutation importance (test RMSE),272
AD,Random Forest,casi_drawing_last,-5.4319284447434946e-05,0.00022478323607543285,Permutation importance (test RMSE),273
AD,Random Forest,vldl_gap_days_log_last,-5.453643503179895e-05,5.302430360250165e-05,Permutation importance (test RMSE),274
AD,Random Forest,hba1c_last,-5.5934369635107783e-05,5.082353050336674e-05,Permutation importance (test RMSE),275
AD,Random Forest,casi_abstraction_last,-5.948973209631836e-05,0.0002566057434145358,Permutation importance (test RMSE),276
AD,Random Forest,cdr_home_hobbies_min,-5.9955207250708685e-05,6.39480845524933e-05,Permutation importance (test RMSE),277
AD,Random Forest,fasting_glucose_min,-6.152153656620585e-05,4.184606163554725e-05,Permutation importance (test RMSE),278
AD,Random Forest,hdl_min,-6.339845535747734e-05,0.00017823940943912303,Permutation importance (test RMSE),279
AD,Random Forest,ldl_max,-6.497089230297625e-05,0.00017699642870927653,Permutation importance (test RMSE),280
AD,Random Forest,casi_mental_manipulation_std,-6.60293291990327e-05,0.0008296476496498323,Permutation importance (test RMSE),281
AD,Random Forest,casi_orientation_missing_mean,-6.674169342021918e-05,4.5602879167516255e-05,Permutation importance (test RMSE),282
AD,Random Forest,hba1c_gap_days_log_mean,-6.994808405304254e-05,0.00011994375173720784,Permutation importance (test RMSE),283
AD,Random Forest,casi_verbal_fluency_missing_std,-7.809630012036994e-05,3.6195228725291685e-05,Permutation importance (test RMSE),284
AD,Random Forest,total_cholesterol_mean,-7.900800254024842e-05,0.00023518785163672385,Permutation importance (test RMSE),285
AD,Random Forest,casi_verbal_fluency_max,-7.99296853827014e-05,0.00014894390067861748,Permutation importance (test RMSE),286
AD,Random Forest,has_recent_casi_mean,-8.026649904448735e-05,5.9439659054692796e-05,Permutation importance (test RMSE),287
AD,Random Forest,vldl_gap_days_log_missing_min,-8.237411587251608e-05,3.362963014601984e-05,Permutation importance (test RMSE),288
AD,Random Forest,hdl_gap_days_log_mean,-8.858161699830391e-05,0.00019310436697716538,Permutation importance (test RMSE),289
AD,Random Forest,hyperlipidemia_mean,-9.215886191537015e-05,4.3563433489409546e-05,Permutation importance (test RMSE),290
AD,Random Forest,triglyceride_min,-9.238497215677266e-05,0.0002846520932018213,Permutation importance (test RMSE),291
AD,Random Forest,ldl_missing_last,-9.644820747677641e-05,3.185653446974702e-05,Permutation importance (test RMSE),292
AD,Random Forest,casi_long_term_memory_last,-9.942373571425189e-05,0.00039908898847167525,Permutation importance (test RMSE),293
AD,Random Forest,casi_drawing_mean,-0.00010199295417812892,0.000278143616314364,Permutation importance (test RMSE),294
AD,Random Forest,casi_mental_manipulation_missing_mean,-0.00010245938248273079,6.7155712187472e-05,Permutation importance (test RMSE),295
AD,Random Forest,vldl_last,-0.00010277353876970985,0.0002138078133635417,Permutation importance (test RMSE),296
AD,Random Forest,vldl_gap_days_log_max,-0.00010469930105579673,6.075284815428661e-05,Permutation importance (test RMSE),297
AD,Random Forest,cdr_orientation_min,-0.00010643786527595178,0.00010037426129862546,Permutation importance (test RMSE),298
AD,Random Forest,hdl_mean,-0.00010679655510132391,0.00024376274912058223,Permutation importance (test RMSE),299
AD,Random Forest,history_n_visits,-0.00010921452865776671,0.00010465815021581762,Permutation importance (test RMSE),300
AD,Random Forest,vldl_gap_days_log_mean,-0.00011374537042454225,0.00015923792264797246,Permutation importance (test RMSE),301
AD,Random Forest,casi_orientation_max,-0.00012478022824838065,9.717105012191101e-05,Permutation importance (test RMSE),302
AD,Random Forest,apoe4_count_last,-0.00012516169642299012,0.00011672743010260736,Permutation importance (test RMSE),303
AD,Random Forest,total_cholesterol_gap_days_log_max,-0.0001375152937563906,0.0002110882150933644,Permutation importance (test RMSE),304
AD,Random Forest,diabetes_max,-0.00013820693166340935,5.8705597082035616e-05,Permutation importance (test RMSE),305
AD,Random Forest,vldl_max,-0.00014265674294746677,0.00014814058796778958,Permutation importance (test RMSE),306
AD,Random Forest,history_span_days,-0.00015273216878120276,0.00013123904479986513,Permutation importance (test RMSE),307
AD,Random Forest,hdl_std,-0.00015374601096910246,0.0001224461072348794,Permutation importance (test RMSE),308
AD,Random Forest,cdr_judgment_min,-0.00016502538348115993,9.061874912195404e-05,Permutation importance (test RMSE),309
AD,Random Forest,hba1c_max,-0.00016589527239252168,0.00013259846228869367,Permutation importance (test RMSE),310
AD,Random Forest,gender_min,-0.00017121739089113187,0.00016800440062320432,Permutation importance (test RMSE),311
AD,Random Forest,ldl_gap_days_log_mean,-0.0001780152338191815,0.00020278438983724654,Permutation importance (test RMSE),312
AD,Random Forest,triglyceride_last,-0.0001839383116591431,0.0003059089647776866,Permutation importance (test RMSE),313
AD,Random Forest,casi_verbal_fluency_last,-0.0001866559813491153,0.0006182651777774591,Permutation importance (test RMSE),314
AD,Random Forest,casi_short_term_memory_mean,-0.0001871094900354142,0.0004355388615034934,Permutation importance (test RMSE),315
AD,Random Forest,ldl_min,-0.000187749510211474,0.00011644194119732738,Permutation importance (test RMSE),316
AD,Random Forest,gender_max,-0.00018946226919707432,0.0001926431992144054,Permutation importance (test RMSE),317
AD,Random Forest,vldl_std,-0.0001897088111566525,0.0001928359259437297,Permutation importance (test RMSE),318
AD,Random Forest,casi_attention_last,-0.00020742410011673763,0.0007384717835204873,Permutation importance (test RMSE),319
AD,Random Forest,cdr_global_std,-0.0002176722150607102,0.00286598984497285,Permutation importance (test RMSE),320
AD,Random Forest,casi_verbal_fluency_mean,-0.00023208528532348282,0.00016795676931508728,Permutation importance (test RMSE),321
AD,Random Forest,cdr_personal_care_std,-0.0002462155036190239,0.00024212190578535035,Permutation importance (test RMSE),322
AD,Random Forest,ldl_last,-0.0002669230412897905,0.00025452368064103576,Permutation importance (test RMSE),323
AD,Random Forest,cdr_sob_min,-0.0002712947869657478,0.0004600037486762692,Permutation importance (test RMSE),324
AD,Random Forest,casi_language_mean,-0.0002894899664977607,0.00041304813642564395,Permutation importance (test RMSE),325
AD,Random Forest,triglyceride_gap_days_log_max,-0.00030231994207373657,0.0002754991836778577,Permutation importance (test RMSE),326
AD,Random Forest,hdl_gap_days_log_max,-0.0003031962080293188,0.00029709642897533887,Permutation importance (test RMSE),327
AD,Random Forest,cdr_orientation_std,-0.0003095086484020765,0.00029058932627170676,Permutation importance (test RMSE),328
AD,Random Forest,fasting_glucose_mean,-0.00031352729149215774,0.00018858485275708358,Permutation importance (test RMSE),329
AD,Random Forest,casi_drawing_std,-0.000318179431491622,0.00028101296868802874,Permutation importance (test RMSE),330
AD,Random Forest,hdl_last,-0.0003227440357949668,0.0006407628045851453,Permutation importance (test RMSE),331
AD,Random Forest,fasting_glucose_std,-0.0003296406160903986,0.0003503600860904126,Permutation importance (test RMSE),332
AD,Random Forest,casi_mental_manipulation_mean,-0.00035700424419277956,0.000553091259736013,Permutation importance (test RMSE),333
AD,Random Forest,casi_total_max,-0.0003624010975314951,0.00032820019201802963,Permutation importance (test RMSE),334
AD,Random Forest,gender_last,-0.00036507418986160556,0.00016679180402394365,Permutation importance (test RMSE),335
AD,Random Forest,ldl_gap_days_log_max,-0.0003989100906570259,0.0005635077284248998,Permutation importance (test RMSE),336
AD,Random Forest,triglyceride_mean,-0.00041050904044077354,0.00013443544007890154,Permutation importance (test RMSE),337
AD,Random Forest,visit_gap_log_mean,-0.0004173729353330824,0.00022988022248716412,Permutation importance (test RMSE),338
AD,Random Forest,cdr_judgment_std,-0.0004548893282667471,0.0012061274666692785,Permutation importance (test RMSE),339
AD,Random Forest,casi_language_last,-0.00047504640679967014,0.0017923934622389548,Permutation importance (test RMSE),340
AD,Random Forest,casi_short_term_memory_last,-0.0004887823880987046,0.0005050033703948165,Permutation importance (test RMSE),341
AD,Random Forest,cdr_home_hobbies_std,-0.0005117948114823467,0.0006420146536396528,Permutation importance (test RMSE),342
AD,Random Forest,cdr_memory_std,-0.000542121780742219,0.001733501483728728,Permutation importance (test RMSE),343
AD,Random Forest,vldl_mean,-0.000568150554403124,0.0002602689768946305,Permutation importance (test RMSE),344
AD,Random Forest,casi_short_term_memory_max,-0.0005893567201931766,0.00046447796962933416,Permutation importance (test RMSE),345
AD,Random Forest,casi_mental_manipulation_min,-0.0006076408138973394,0.0008200877130159647,Permutation importance (test RMSE),346
AD,Random Forest,casi_total_mean,-0.0008349631542057979,0.0012148703534023218,Permutation importance (test RMSE),347
AD,SVM,history_span_days,0.26361876911292975,0.04573687278123128,Permutation importance (test RMSE),1
AD,SVM,mmse_last,0.004987156551562783,0.0009215996050039844,Permutation importance (test RMSE),2
AD,SVM,mmse_min,0.004574064585963583,0.0008561561009849071,Permutation importance (test RMSE),3
AD,SVM,cdr_memory_last,0.0038374980424157714,0.0007301328876974572,Permutation importance (test RMSE),4
AD,SVM,cdr_orientation_last,0.0037649778534721455,0.0006833887030331273,Permutation importance (test RMSE),5
AD,SVM,cdr_sob_last,0.0036624108539175747,0.0007600019013524246,Permutation importance (test RMSE),6
AD,SVM,cdr_orientation_max,0.0036120007467540126,0.0006409325108122445,Permutation importance (test RMSE),7
AD,SVM,cdr_sob_max,0.003570540840351555,0.0007281670399609514,Permutation importance (test RMSE),8
AD,SVM,mmse_mean,0.0034770168518816645,0.0007077994704656246,Permutation importance (test RMSE),9
AD,SVM,cdr_community_last,0.0033582412517073777,0.0007294915416716337,Permutation importance (test RMSE),10
AD,SVM,casi_total_last,0.0033549072624636965,0.0008628622870915323,Permutation importance (test RMSE),11
AD,SVM,cdr_community_max,0.003347760227641566,0.0007390331289085609,Permutation importance (test RMSE),12
AD,SVM,cdr_memory_max,0.0033055387847842734,0.0007462643698525831,Permutation importance (test RMSE),13
AD,SVM,cdr_home_hobbies_max,0.003152345470867618,0.0007278559534948253,Permutation importance (test RMSE),14
AD,SVM,cdr_judgment_last,0.0031351086391087635,0.0007544265065691272,Permutation importance (test RMSE),15
AD,SVM,cdr_home_hobbies_last,0.0031186707418649597,0.0007463244644347397,Permutation importance (test RMSE),16
AD,SVM,cdr_judgment_max,0.0031080642762668807,0.0007502846989504116,Permutation importance (test RMSE),17
AD,SVM,cdr_global_max,0.003063416105592548,0.0006559724460698392,Permutation importance (test RMSE),18
AD,SVM,casi_total_min,0.003041344210591984,0.0007178534119633992,Permutation importance (test RMSE),19
AD,SVM,cdr_global_last,0.0029679438148193073,0.0006402152085076638,Permutation importance (test RMSE),20
AD,SVM,casi_long_term_memory_last,0.002826795534951193,0.000929005724170793,Permutation importance (test RMSE),21
AD,SVM,casi_language_min,0.0028236347016164787,0.0007361799269950819,Permutation importance (test RMSE),22
AD,SVM,casi_language_last,0.002748487527710547,0.0008257255228067243,Permutation importance (test RMSE),23
AD,SVM,casi_long_term_memory_min,0.0027052809209764995,0.000818544402291291,Permutation importance (test RMSE),24
AD,SVM,casi_abstraction_last,0.0027040985090505455,0.0007067031254460264,Permutation importance (test RMSE),25
AD,SVM,cdr_personal_care_max,0.0027019579078813027,0.0006209102338825582,Permutation importance (test RMSE),26
AD,SVM,casi_mental_manipulation_last,0.002612724653143039,0.0007246805464552799,Permutation importance (test RMSE),27
AD,SVM,mmse_max,0.002573714205580385,0.0005724718052043232,Permutation importance (test RMSE),28
AD,SVM,casi_orientation_last,0.002569822025285301,0.0006282526089078466,Permutation importance (test RMSE),29
AD,SVM,cdr_personal_care_last,0.002554169455859312,0.0006389232748305005,Permutation importance (test RMSE),30
AD,SVM,casi_drawing_last,0.0024516551161806012,0.000626015228574872,Permutation importance (test RMSE),31
AD,SVM,casi_drawing_min,0.0023930729256761594,0.0006064873390848592,Permutation importance (test RMSE),32
AD,SVM,casi_attention_last,0.0021996276409273763,0.0006893514414776763,Permutation importance (test RMSE),33
AD,SVM,casi_attention_min,0.0021800198150458807,0.0005565194899809701,Permutation importance (test RMSE),34
AD,SVM,casi_total_mean,0.0021498098221780283,0.0005068833036974519,Permutation importance (test RMSE),35
AD,SVM,casi_orientation_min,0.0020537015320266803,0.0005059230870343626,Permutation importance (test RMSE),36
AD,SVM,casi_orientation_mean,0.002040584434937104,0.0004253725458165011,Permutation importance (test RMSE),37
AD,SVM,casi_short_term_memory_max,0.002035325472647953,0.00048753741612234276,Permutation importance (test RMSE),38
AD,SVM,casi_abstraction_min,0.002006337038764233,0.0005447868014395874,Permutation importance (test RMSE),39
AD,SVM,cdr_community_mean,0.0019935076555349374,0.00045266619359115115,Permutation importance (test RMSE),40
AD,SVM,casi_verbal_fluency_last,0.0019929473699119905,0.0004622845449482408,Permutation importance (test RMSE),41
AD,SVM,casi_mental_manipulation_mean,0.0019627648010676567,0.0005898326951619606,Permutation importance (test RMSE),42
AD,SVM,cdr_judgment_mean,0.0019567133589547202,0.0004433342699292208,Permutation importance (test RMSE),43
AD,SVM,cdr_memory_mean,0.0018908750554782472,0.0003801652955745681,Permutation importance (test RMSE),44
AD,SVM,casi_short_term_memory_mean,0.00187184412183658,0.00035634172914780066,Permutation importance (test RMSE),45
AD,SVM,casi_short_term_memory_last,0.0018703974658880519,0.0005890374600636158,Permutation importance (test RMSE),46
AD,SVM,cdr_sob_mean,0.0018434491778517247,0.0004054236167882517,Permutation importance (test RMSE),47
AD,SVM,cdr_orientation_mean,0.0017820983388802836,0.0003722697778932438,Permutation importance (test RMSE),48
AD,SVM,casi_mental_manipulation_min,0.0017247608041996766,0.0005001840986352033,Permutation importance (test RMSE),49
AD,SVM,cdr_home_hobbies_mean,0.001634489568481301,0.0003711272158661488,Permutation importance (test RMSE),50
AD,SVM,casi_mental_manipulation_max,0.0015409078782358976,0.0005551887834341729,Permutation importance (test RMSE),51
AD,SVM,casi_abstraction_mean,0.0014720985994685243,0.0003775338769523705,Permutation importance (test RMSE),52
AD,SVM,cdr_global_mean,0.0014547786589183432,0.0003180643165620178,Permutation importance (test RMSE),53
AD,SVM,casi_verbal_fluency_mean,0.0014200203196627625,0.00036232594597015755,Permutation importance (test RMSE),54
AD,SVM,casi_total_max,0.0013958985793867174,0.0003665115168986466,Permutation importance (test RMSE),55
AD,SVM,casi_long_term_memory_mean,0.001341841695767293,0.0004667641065572037,Permutation importance (test RMSE),56
AD,SVM,casi_drawing_mean,0.0012975123944421962,0.0003168888909999437,Permutation importance (test RMSE),57
AD,SVM,casi_orientation_max,0.0012916595923131047,0.00036866399480021993,Permutation importance (test RMSE),58
AD,SVM,casi_short_term_memory_min,0.001288110111342361,0.00028175854932151125,Permutation importance (test RMSE),59
AD,SVM,casi_verbal_fluency_min,0.0012733170612561518,0.00031760763564027953,Permutation importance (test RMSE),60
AD,SVM,casi_language_mean,0.0011707121269212474,0.0003374426099539596,Permutation importance (test RMSE),61
AD,SVM,casi_verbal_fluency_max,0.0011371159502973627,0.00037738550421572955,Permutation importance (test RMSE),62
AD,SVM,cdr_community_min,0.0010135934747288189,0.00021905046386989615,Permutation importance (test RMSE),63
AD,SVM,cdr_judgment_min,0.0009907650107690348,0.00021607206996083206,Permutation importance (test RMSE),64
AD,SVM,cdr_memory_min,0.000987314008088136,0.00023197772613426417,Permutation importance (test RMSE),65
AD,SVM,casi_attention_mean,0.0009064026344578147,0.00026275345884611243,Permutation importance (test RMSE),66
AD,SVM,cdr_personal_care_mean,0.0008793765646715578,0.00023840139186942621,Permutation importance (test RMSE),67
AD,SVM,casi_abstraction_max,0.0008351051543834531,0.00026433725196563235,Permutation importance (test RMSE),68
AD,SVM,cdr_sob_min,0.0008350268564337793,0.00017991630401720683,Permutation importance (test RMSE),69
AD,SVM,cdr_orientation_min,0.0008333710200607636,0.00017737731586403807,Permutation importance (test RMSE),70
AD,SVM,cdr_home_hobbies_min,0.0006169892953501122,0.00014059328200706592,Permutation importance (test RMSE),71
AD,SVM,cdr_global_min,0.0006155547458500998,0.00012318168331485927,Permutation importance (test RMSE),72
AD,SVM,apoe_missing_mean,0.0005675025476096108,0.0006124139269328752,Permutation importance (test RMSE),73
AD,SVM,apoe_missing_last,0.0005675025476096108,0.0006124139269328752,Permutation importance (test RMSE),74
AD,SVM,apoe_missing_max,0.0005675025476096108,0.0006124139269328752,Permutation importance (test RMSE),75
AD,SVM,apoe_missing_min,0.0005675025476081675,0.0006124139269332723,Permutation importance (test RMSE),76
AD,SVM,casi_long_term_memory_max,0.0005361306305252167,0.00023539358896203176,Permutation importance (test RMSE),77
AD,SVM,casi_drawing_max,0.0004465751639018634,0.0001570466816801706,Permutation importance (test RMSE),78
AD,SVM,casi_language_max,0.0004203810284497178,0.00013871368266591365,Permutation importance (test RMSE),79
AD,SVM,casi_attention_max,0.0003260510747953915,0.00012602901131247022,Permutation importance (test RMSE),80
AD,SVM,cdr_personal_care_std,0.00024119997360754207,6.202751423763974e-05,Permutation importance (test RMSE),81
AD,SVM,vldl_last,0.0002231350811840116,0.00011004121252431164,Permutation importance (test RMSE),82
AD,SVM,cdr_personal_care_min,0.00020160205046017564,5.274950669043104e-05,Permutation importance (test RMSE),83
AD,SVM,age_first_mmse_mean,0.00019695405155142898,0.00018715618919237597,Permutation importance (test RMSE),84
AD,SVM,age_first_mmse_max,0.00019695405155142898,0.00018715618919237597,Permutation importance (test RMSE),85
AD,SVM,age_first_mmse_min,0.00019695405155106815,0.00018715618919138137,Permutation importance (test RMSE),86
AD,SVM,age_first_mmse_last,0.00019695405155106815,0.00018715618919138137,Permutation importance (test RMSE),87
AD,SVM,vldl_gap_days_log_max,0.00019005048906164945,0.0001565660996638968,Permutation importance (test RMSE),88
AD,SVM,triglyceride_gap_days_log_max,0.0001894992862678635,9.247854767495774e-05,Permutation importance (test RMSE),89
AD,SVM,total_cholesterol_gap_days_log_max,0.00018330854677604537,9.001952986382547e-05,Permutation importance (test RMSE),90
AD,SVM,casi_language_std,0.00017211909390860147,4.898404959065735e-05,Permutation importance (test RMSE),91
AD,SVM,hdl_gap_days_log_max,0.00016612169142404264,7.96220910275511e-05,Permutation importance (test RMSE),92
AD,SVM,cdr_home_hobbies_std,0.00016581002037340252,4.9097737747725385e-05,Permutation importance (test RMSE),93
AD,SVM,casi_long_term_memory_std,0.00016114486409032902,4.726236394066876e-05,Permutation importance (test RMSE),94
AD,SVM,cdr_global_std,0.0001580992493007749,4.8588308233023553e-05,Permutation importance (test RMSE),95
AD,SVM,triglyceride_last,0.0001569971704584616,6.805992412353854e-05,Permutation importance (test RMSE),96
AD,SVM,cdr_orientation_std,0.00015653109179168402,4.109495319450135e-05,Permutation importance (test RMSE),97
AD,SVM,cdr_sob_std,0.00014876297295304263,3.9062817594114115e-05,Permutation importance (test RMSE),98
AD,SVM,ldl_gap_days_log_max,0.00013810798469987562,6.632401662082543e-05,Permutation importance (test RMSE),99
AD,SVM,casi_drawing_std,0.0001373431497551314,4.033716684004177e-05,Permutation importance (test RMSE),100
AD,SVM,casi_attention_std,0.00012016140163927935,3.76253489416829e-05,Permutation importance (test RMSE),101
AD,SVM,vldl_min,0.000115823535282783,9.250206175386402e-05,Permutation importance (test RMSE),102
AD,SVM,cdr_judgment_std,0.00011455387490393321,3.349129248063912e-05,Permutation importance (test RMSE),103
AD,SVM,hba1c_gap_days_log_max,0.00011263937183458861,0.0001042238428728191,Permutation importance (test RMSE),104
AD,SVM,fasting_glucose_gap_days_log_max,0.00011196763911597852,0.00018445675061007068,Permutation importance (test RMSE),105
AD,SVM,cdr_memory_std,0.00011173568644435306,4.6623616136769166e-05,Permutation importance (test RMSE),106
AD,SVM,cdr_community_std,0.00010931206013746197,3.5963623582753855e-05,Permutation importance (test RMSE),107
AD,SVM,hdl_last,8.287231189099686e-05,5.529828068053015e-05,Permutation importance (test RMSE),108
AD,SVM,triglyceride_min,8.27815225917794e-05,4.251029487558065e-05,Permutation importance (test RMSE),109
AD,SVM,gender_min,6.493496135014376e-05,0.00016322720789236218,Permutation importance (test RMSE),110
AD,SVM,gender_last,6.493496134973297e-05,0.0001632272078923283,Permutation importance (test RMSE),111
AD,SVM,gender_mean,6.493496133881393e-05,0.00016322720789002366,Permutation importance (test RMSE),112
AD,SVM,gender_max,6.493496133881393e-05,0.00016322720789002366,Permutation importance (test RMSE),113
AD,SVM,casi_total_std,6.224996023535546e-05,2.266684982334312e-05,Permutation importance (test RMSE),114
AD,SVM,days_since_casi_max,5.757969658118367e-05,0.0005789879251455298,Permutation importance (test RMSE),115
AD,SVM,history_n_visits,5.6349986437120855e-05,0.00019349974043142556,Permutation importance (test RMSE),116
AD,SVM,triglyceride_mean,5.531824823163389e-05,5.311789344219226e-05,Permutation importance (test RMSE),117
AD,SVM,mmse_std,5.309347395712205e-05,2.0882898317622526e-05,Permutation importance (test RMSE),118
AD,SVM,vldl_mean,5.100056100219574e-05,0.00010348809974577546,Permutation importance (test RMSE),119
AD,SVM,casi_abstraction_std,4.7386648774699894e-05,2.580437799593679e-05,Permutation importance (test RMSE),120
AD,SVM,hdl_max,4.352563452567071e-05,5.618691717772693e-05,Permutation importance (test RMSE),121
AD,SVM,has_recent_casi_mean,4.083608915123049e-05,7.204446820565947e-05,Permutation importance (test RMSE),122
AD,SVM,triglyceride_max,3.793115547863768e-05,6.755128465654513e-05,Permutation importance (test RMSE),123
AD,SVM,hdl_min,3.568223048706631e-05,3.6791982216276555e-05,Permutation importance (test RMSE),124
AD,SVM,vldl_gap_days_log_std,3.455469493067187e-05,2.6044377075057085e-05,Permutation importance (test RMSE),125
AD,SVM,has_recent_casi_min,3.325193780521762e-05,0.00025273349135973105,Permutation importance (test RMSE),126
AD,SVM,hdl_mean,3.312862448386911e-05,3.5262584559996676e-05,Permutation importance (test RMSE),127
AD,SVM,hba1c_min,2.9852502986194018e-05,9.882061475848524e-05,Permutation importance (test RMSE),128
AD,SVM,has_recent_casi_max,2.9140648491582376e-05,4.421921129143134e-05,Permutation importance (test RMSE),129
AD,SVM,triglyceride_gap_days_log_std,2.4464322885697774e-05,1.4864033172178261e-05,Permutation importance (test RMSE),130
AD,SVM,fasting_glucose_gap_days_log_std,2.3049725956530986e-05,2.9967231219823185e-05,Permutation importance (test RMSE),131
AD,SVM,days_since_casi_std,2.2397787691308402e-05,7.283965285180475e-05,Permutation importance (test RMSE),132
AD,SVM,hdl_gap_days_log_std,2.205935390092173e-05,1.3307623914559218e-05,Permutation importance (test RMSE),133
AD,SVM,total_cholesterol_gap_days_log_std,2.1753592318740632e-05,1.4317198545758434e-05,Permutation importance (test RMSE),134
AD,SVM,total_cholesterol_std,1.974706742392529e-05,1.0237958615283978e-05,Permutation importance (test RMSE),135
AD,SVM,ldl_gap_days_log_std,1.8812705657200725e-05,1.1719943052480617e-05,Permutation importance (test RMSE),136
AD,SVM,hba1c_missing_max,1.7687071091349037e-05,1.258087699386093e-05,Permutation importance (test RMSE),137
AD,SVM,hba1c_gap_days_log_missing_min,1.7687071091349037e-05,1.258087699386093e-05,Permutation importance (test RMSE),138
AD,SVM,hba1c_missing_min,1.7687071091349037e-05,1.258087699386093e-05,Permutation importance (test RMSE),139
AD,SVM,hba1c_gap_days_log_missing_last,1.7687071091349037e-05,1.258087699386093e-05,Permutation importance (test RMSE),140
AD,SVM,hba1c_gap_days_log_missing_max,1.7687071091349037e-05,1.258087699386093e-05,Permutation importance (test RMSE),141
AD,SVM,hba1c_missing_last,1.7687071091349037e-05,1.258087699386093e-05,Permutation importance (test RMSE),142
AD,SVM,hba1c_gap_days_log_missing_mean,1.7687071091349037e-05,1.258087699386093e-05,Permutation importance (test RMSE),143
AD,SVM,hba1c_missing_mean,1.7687071091349037e-05,1.258087699386093e-05,Permutation importance (test RMSE),144
AD,SVM,casi_orientation_std,1.5985038486548973e-05,1.0674517047209645e-05,Permutation importance (test RMSE),145
AD,SVM,ldl_gap_days_log_missing_max,1.527034593641341e-05,1.1032587115043782e-05,Permutation importance (test RMSE),146
AD,SVM,ldl_missing_last,1.527034593641341e-05,1.1032587115043782e-05,Permutation importance (test RMSE),147
AD,SVM,ldl_gap_days_log_missing_last,1.527034593641341e-05,1.1032587115043782e-05,Permutation importance (test RMSE),148
AD,SVM,ldl_missing_max,1.527034593641341e-05,1.1032587115043782e-05,Permutation importance (test RMSE),149
AD,SVM,ldl_missing_mean,1.527034593641341e-05,1.1032587115043782e-05,Permutation importance (test RMSE),150
AD,SVM,ldl_missing_min,1.527034593641341e-05,1.1032587115043782e-05,Permutation importance (test RMSE),151
AD,SVM,ldl_gap_days_log_missing_mean,1.527034593641341e-05,1.1032587115043782e-05,Permutation importance (test RMSE),152
AD,SVM,ldl_gap_days_log_missing_min,1.527034593641341e-05,1.1032587115043782e-05,Permutation importance (test RMSE),153
AD,SVM,ldl_max,1.4582808155166882e-05,2.3697976134778754e-05,Permutation importance (test RMSE),154
AD,SVM,casi_short_term_memory_std,1.4061665473813489e-05,2.078739134793676e-05,Permutation importance (test RMSE),155
AD,SVM,triglyceride_missing_last,1.3889293570412687e-05,9.909548299618996e-06,Permutation importance (test RMSE),156
AD,SVM,hdl_gap_days_log_missing_min,1.3889293570412687e-05,9.909548299618996e-06,Permutation importance (test RMSE),157
AD,SVM,hdl_missing_last,1.3889293570412687e-05,9.909548299618996e-06,Permutation importance (test RMSE),158
AD,SVM,total_cholesterol_missing_last,1.3889293570412687e-05,9.909548299618996e-06,Permutation importance (test RMSE),159
AD,SVM,hdl_gap_days_log_missing_max,1.3889293570412687e-05,9.909548299618996e-06,Permutation importance (test RMSE),160
AD,SVM,triglyceride_gap_days_log_missing_last,1.3889293570412687e-05,9.909548299618996e-06,Permutation importance (test RMSE),161
AD,SVM,hdl_missing_mean,1.3889293570412687e-05,9.909548299618996e-06,Permutation importance (test RMSE),162
AD,SVM,triglyceride_missing_max,1.3889293570412687e-05,9.909548299618996e-06,Permutation importance (test RMSE),163
AD,SVM,hdl_gap_days_log_missing_last,1.3889293570412687e-05,9.909548299618996e-06,Permutation importance (test RMSE),164
AD,SVM,hdl_gap_days_log_missing_mean,1.3889293570412687e-05,9.909548299618996e-06,Permutation importance (test RMSE),165
AD,SVM,triglyceride_gap_days_log_missing_min,1.3889293570412687e-05,9.909548299618996e-06,Permutation importance (test RMSE),166
AD,SVM,triglyceride_gap_days_log_missing_max,1.3889293570412687e-05,9.909548299618996e-06,Permutation importance (test RMSE),167
AD,SVM,triglyceride_gap_days_log_missing_mean,1.3889293570412687e-05,9.909548299618996e-06,Permutation importance (test RMSE),168
AD,SVM,total_cholesterol_gap_days_log_missing_max,1.3889293570412687e-05,9.909548299618996e-06,Permutation importance (test RMSE),169
AD,SVM,total_cholesterol_missing_min,1.3889293570412687e-05,9.909548299618996e-06,Permutation importance (test RMSE),170
AD,SVM,total_cholesterol_missing_mean,1.3889293570412687e-05,9.909548299618996e-06,Permutation importance (test RMSE),171
AD,SVM,triglyceride_missing_mean,1.3889293570412687e-05,9.909548299618996e-06,Permutation importance (test RMSE),172
AD,SVM,total_cholesterol_missing_max,1.3889293570412687e-05,9.909548299618996e-06,Permutation importance (test RMSE),173
AD,SVM,triglyceride_missing_min,1.3889293570412687e-05,9.909548299618996e-06,Permutation importance (test RMSE),174
AD,SVM,total_cholesterol_gap_days_log_missing_last,1.3889293570412687e-05,9.909548299618996e-06,Permutation importance (test RMSE),175
AD,SVM,hdl_missing_max,1.3889293570412687e-05,9.909548299618996e-06,Permutation importance (test RMSE),176
AD,SVM,hdl_missing_min,1.3889293570412687e-05,9.909548299618996e-06,Permutation importance (test RMSE),177
AD,SVM,total_cholesterol_gap_days_log_missing_mean,1.3889293570412687e-05,9.909548299618996e-06,Permutation importance (test RMSE),178
AD,SVM,total_cholesterol_gap_days_log_missing_min,1.3889293570412687e-05,9.909548299618996e-06,Permutation importance (test RMSE),179
AD,SVM,hba1c_std,1.3483236137801224e-05,1.2835361372225052e-05,Permutation importance (test RMSE),180
AD,SVM,vldl_gap_days_log_last,1.2688721407810855e-05,1.4253552272136696e-05,Permutation importance (test RMSE),181
AD,SVM,triglyceride_gap_days_log_mean,1.1263699167191055e-05,1.795832677556878e-05,Permutation importance (test RMSE),182
AD,SVM,ldl_std,1.0551406621978065e-05,6.534539769814732e-06,Permutation importance (test RMSE),183
AD,SVM,hba1c_gap_days_log_std,9.978246108621746e-06,1.6533574314347804e-05,Permutation importance (test RMSE),184
AD,SVM,total_cholesterol_min,9.882025613999756e-06,8.550023996025711e-05,Permutation importance (test RMSE),185
AD,SVM,fasting_glucose_std,9.731426849801662e-06,8.74614146827017e-06,Permutation importance (test RMSE),186
AD,SVM,hdl_gap_days_log_mean,9.212992091878202e-06,1.819222133537894e-05,Permutation importance (test RMSE),187
AD,SVM,fasting_glucose_gap_days_log_last,8.672235710299736e-06,1.0306715452766986e-05,Permutation importance (test RMSE),188
AD,SVM,days_since_casi_mean,8.161820716218182e-06,1.6618362054467694e-05,Permutation importance (test RMSE),189
AD,SVM,hba1c_gap_days_log_mean,7.791065918555384e-06,2.3542818241161678e-05,Permutation importance (test RMSE),190
AD,SVM,total_cholesterol_gap_days_log_mean,6.2302200993458175e-06,1.9426326984074837e-05,Permutation importance (test RMSE),191
AD,SVM,fasting_glucose_gap_days_log_missing_max,5.462426975744172e-06,1.4762701434524629e-05,Permutation importance (test RMSE),192
AD,SVM,fasting_glucose_gap_days_log_missing_min,5.462426975744172e-06,1.4762701434524629e-05,Permutation importance (test RMSE),193
AD,SVM,fasting_glucose_missing_last,5.462426975744172e-06,1.4762701434524629e-05,Permutation importance (test RMSE),194
AD,SVM,fasting_glucose_missing_min,5.462426975744172e-06,1.4762701434524629e-05,Permutation importance (test RMSE),195
AD,SVM,fasting_glucose_missing_mean,5.462426975744172e-06,1.4762701434524629e-05,Permutation importance (test RMSE),196
AD,SVM,fasting_glucose_missing_max,5.462426975744172e-06,1.4762701434524629e-05,Permutation importance (test RMSE),197
AD,SVM,fasting_glucose_gap_days_log_missing_last,5.462426975744172e-06,1.4762701434524629e-05,Permutation importance (test RMSE),198
AD,SVM,fasting_glucose_gap_days_log_missing_mean,5.462426975744172e-06,1.4762701434524629e-05,Permutation importance (test RMSE),199
AD,SVM,casi_language_missing_mean,4.733448709992594e-06,8.452610294291552e-06,Permutation importance (test RMSE),200
AD,SVM,casi_attention_missing_mean,4.733448709992594e-06,8.452610294291552e-06,Permutation importance (test RMSE),201
AD,SVM,casi_mental_manipulation_missing_mean,4.733448709992594e-06,8.452610294291552e-06,Permutation importance (test RMSE),202
AD,SVM,casi_short_term_memory_missing_mean,4.733448709992594e-06,8.452610294291552e-06,Permutation importance (test RMSE),203
AD,SVM,casi_orientation_missing_mean,4.733448709992594e-06,8.452610294291552e-06,Permutation importance (test RMSE),204
AD,SVM,casi_long_term_memory_missing_mean,4.733448709992594e-06,8.452610294291552e-06,Permutation importance (test RMSE),205
AD,SVM,casi_abstraction_missing_mean,4.733448709992594e-06,8.452610294291552e-06,Permutation importance (test RMSE),206
AD,SVM,casi_drawing_missing_mean,4.733448709992594e-06,8.452610294291552e-06,Permutation importance (test RMSE),207
AD,SVM,days_since_casi_missing_mean,4.733448709992594e-06,8.452610294291552e-06,Permutation importance (test RMSE),208
AD,SVM,casi_total_missing_mean,4.733448709992594e-06,8.452610294291552e-06,Permutation importance (test RMSE),209
AD,SVM,casi_verbal_fluency_missing_mean,4.733448709992594e-06,8.452610294291552e-06,Permutation importance (test RMSE),210
AD,SVM,vldl_gap_days_log_missing_mean,4.246409294861309e-06,1.2646748824228123e-05,Permutation importance (test RMSE),211
AD,SVM,vldl_gap_days_log_missing_last,4.246409294861309e-06,1.2646748824228123e-05,Permutation importance (test RMSE),212
AD,SVM,vldl_missing_min,4.246409294861309e-06,1.2646748824228123e-05,Permutation importance (test RMSE),213
AD,SVM,vldl_missing_max,4.246409294861309e-06,1.2646748824228123e-05,Permutation importance (test RMSE),214
AD,SVM,vldl_missing_mean,4.246409294861309e-06,1.2646748824228123e-05,Permutation importance (test RMSE),215
AD,SVM,vldl_gap_days_log_missing_min,4.246409294861309e-06,1.2646748824228123e-05,Permutation importance (test RMSE),216
AD,SVM,vldl_gap_days_log_missing_max,4.246409294861309e-06,1.2646748824228123e-05,Permutation importance (test RMSE),217
AD,SVM,vldl_missing_last,4.246409294861309e-06,1.2646748824228123e-05,Permutation importance (test RMSE),218
AD,SVM,casi_mental_manipulation_std,3.527432234567973e-06,6.2368503694349135e-06,Permutation importance (test RMSE),219
AD,SVM,casi_long_term_memory_missing_max,3.460587464793052e-06,2.963579167546772e-05,Permutation importance (test RMSE),220
AD,SVM,days_since_casi_missing_max,3.460587464793052e-06,2.963579167546772e-05,Permutation importance (test RMSE),221
AD,SVM,casi_total_missing_max,3.460587464793052e-06,2.963579167546772e-05,Permutation importance (test RMSE),222
AD,SVM,casi_abstraction_missing_max,3.460587464793052e-06,2.963579167546772e-05,Permutation importance (test RMSE),223
AD,SVM,casi_mental_manipulation_missing_max,3.460587464793052e-06,2.963579167546772e-05,Permutation importance (test RMSE),224
AD,SVM,casi_short_term_memory_missing_max,3.460587464793052e-06,2.963579167546772e-05,Permutation importance (test RMSE),225
AD,SVM,casi_orientation_missing_max,3.460587464793052e-06,2.963579167546772e-05,Permutation importance (test RMSE),226
AD,SVM,casi_attention_missing_max,3.460587464793052e-06,2.963579167546772e-05,Permutation importance (test RMSE),227
AD,SVM,casi_verbal_fluency_missing_max,3.460587464793052e-06,2.963579167546772e-05,Permutation importance (test RMSE),228
AD,SVM,casi_language_missing_max,3.460587464793052e-06,2.963579167546772e-05,Permutation importance (test RMSE),229
AD,SVM,casi_drawing_missing_max,3.460587464793052e-06,2.963579167546772e-05,Permutation importance (test RMSE),230
AD,SVM,casi_verbal_fluency_missing_min,3.387220155692816e-06,5.187640525789145e-06,Permutation importance (test RMSE),231
AD,SVM,casi_language_missing_min,3.387220155692816e-06,5.187640525789145e-06,Permutation importance (test RMSE),232
AD,SVM,casi_attention_missing_min,3.387220155692816e-06,5.187640525789145e-06,Permutation importance (test RMSE),233
AD,SVM,casi_long_term_memory_missing_min,3.387220155692816e-06,5.187640525789145e-06,Permutation importance (test RMSE),234
AD,SVM,casi_short_term_memory_missing_min,3.387220155692816e-06,5.187640525789145e-06,Permutation importance (test RMSE),235
AD,SVM,casi_total_missing_min,3.387220155692816e-06,5.187640525789145e-06,Permutation importance (test RMSE),236
AD,SVM,days_since_casi_missing_min,3.387220155692816e-06,5.187640525789145e-06,Permutation importance (test RMSE),237
AD,SVM,casi_abstraction_missing_min,3.387220155692816e-06,5.187640525789145e-06,Permutation importance (test RMSE),238
AD,SVM,casi_drawing_missing_min,3.387220155692816e-06,5.187640525789145e-06,Permutation importance (test RMSE),239
AD,SVM,casi_orientation_missing_min,3.387220155692816e-06,5.187640525789145e-06,Permutation importance (test RMSE),240
AD,SVM,casi_mental_manipulation_missing_min,3.387220155692816e-06,5.187640525789145e-06,Permutation importance (test RMSE),241
AD,SVM,hdl_std,3.119837152792959e-06,3.1306866832938544e-06,Permutation importance (test RMSE),242
AD,SVM,total_cholesterol_gap_days_log_min,7.46711177407322e-07,1.251025135763343e-05,Permutation importance (test RMSE),243
AD,SVM,hdl_gap_days_log_min,7.382688851642616e-07,1.2370611839687472e-05,Permutation importance (test RMSE),244
AD,SVM,triglyceride_gap_days_log_min,7.3657210788447e-07,1.2342541440389087e-05,Permutation importance (test RMSE),245
AD,SVM,hba1c_gap_days_log_min,7.236727410875332e-07,1.2129089062108278e-05,Permutation importance (test RMSE),246
AD,SVM,ldl_gap_days_log_min,7.067321125875381e-07,1.1848622332706985e-05,Permutation importance (test RMSE),247
AD,SVM,visit_gap_log_mean,3.2593986160622814e-07,6.044184352200228e-06,Permutation importance (test RMSE),248
AD,SVM,ldl_missing_std,0.0,0.0,Permutation importance (test RMSE),249
AD,SVM,age_first_mmse_std,0.0,0.0,Permutation importance (test RMSE),250
AD,SVM,triglyceride_missing_std,0.0,0.0,Permutation importance (test RMSE),251
AD,SVM,hba1c_gap_days_log_missing_std,0.0,0.0,Permutation importance (test RMSE),252
AD,SVM,ldl_gap_days_log_missing_std,0.0,0.0,Permutation importance (test RMSE),253
AD,SVM,triglyceride_gap_days_log_missing_std,0.0,0.0,Permutation importance (test RMSE),254
AD,SVM,vldl_gap_days_log_missing_std,0.0,0.0,Permutation importance (test RMSE),255
AD,SVM,total_cholesterol_gap_days_log_missing_std,0.0,0.0,Permutation importance (test RMSE),256
AD,SVM,hdl_gap_days_log_missing_std,0.0,0.0,Permutation importance (test RMSE),257
AD,SVM,hdl_missing_std,0.0,0.0,Permutation importance (test RMSE),258
AD,SVM,vldl_missing_std,0.0,0.0,Permutation importance (test RMSE),259
AD,SVM,gender_std,0.0,0.0,Permutation importance (test RMSE),260
AD,SVM,visit_gap_log_min,0.0,0.0,Permutation importance (test RMSE),261
AD,SVM,hypertension_std,0.0,0.0,Permutation importance (test RMSE),262
AD,SVM,diabetes_std,0.0,0.0,Permutation importance (test RMSE),263
AD,SVM,hyperlipidemia_std,0.0,0.0,Permutation importance (test RMSE),264
AD,SVM,education_std,0.0,0.0,Permutation importance (test RMSE),265
AD,SVM,apoe_missing_std,0.0,0.0,Permutation importance (test RMSE),266
AD,SVM,apoe4_count_std,0.0,0.0,Permutation importance (test RMSE),267
AD,SVM,fasting_glucose_missing_std,0.0,0.0,Permutation importance (test RMSE),268
AD,SVM,total_cholesterol_missing_std,0.0,0.0,Permutation importance (test RMSE),269
AD,SVM,hba1c_missing_std,0.0,0.0,Permutation importance (test RMSE),270
AD,SVM,days_since_casi_last,0.0,0.0,Permutation importance (test RMSE),271
AD,SVM,days_since_casi_min,0.0,0.0,Permutation importance (test RMSE),272
AD,SVM,fasting_glucose_gap_days_log_missing_std,0.0,0.0,Permutation importance (test RMSE),273
AD,SVM,ldl_gap_days_log_mean,-8.4046985026065e-07,1.8952159306046572e-05,Permutation importance (test RMSE),274
AD,SVM,casi_verbal_fluency_std,-8.687581909083697e-07,3.2359562017001535e-06,Permutation importance (test RMSE),275
AD,SVM,visit_gap_log_std,-1.0763663429946836e-06,6.299872181351607e-06,Permutation importance (test RMSE),276
AD,SVM,triglyceride_std,-1.4599296973338837e-06,1.408804706950079e-06,Permutation importance (test RMSE),277
AD,SVM,casi_short_term_memory_missing_std,-1.547857284134313e-06,2.5922450096741506e-06,Permutation importance (test RMSE),278
AD,SVM,casi_mental_manipulation_missing_std,-1.547857284134313e-06,2.5922450096741506e-06,Permutation importance (test RMSE),279
AD,SVM,casi_language_missing_std,-1.547857284134313e-06,2.5922450096741506e-06,Permutation importance (test RMSE),280
AD,SVM,casi_attention_missing_std,-1.5478572857496875e-06,2.5922450068919015e-06,Permutation importance (test RMSE),281
AD,SVM,casi_abstraction_missing_std,-1.5478572857496875e-06,2.5922450068919015e-06,Permutation importance (test RMSE),282
AD,SVM,casi_orientation_missing_std,-1.5478572857496875e-06,2.5922450068919015e-06,Permutation importance (test RMSE),283
AD,SVM,casi_drawing_missing_std,-1.5478572857496875e-06,2.5922450068919015e-06,Permutation importance (test RMSE),284
AD,SVM,days_since_casi_missing_std,-1.5478572857496875e-06,2.5922450068919015e-06,Permutation importance (test RMSE),285
AD,SVM,casi_total_missing_std,-1.5478572857496875e-06,2.5922450068919015e-06,Permutation importance (test RMSE),286
AD,SVM,casi_verbal_fluency_missing_std,-1.547857288908272e-06,2.592245008048196e-06,Permutation importance (test RMSE),287
AD,SVM,casi_long_term_memory_missing_std,-1.547857288908272e-06,2.592245008048196e-06,Permutation importance (test RMSE),288
AD,SVM,casi_mental_manipulation_missing_last,-1.7643288560242887e-06,6.098819903516625e-06,Permutation importance (test RMSE),289
AD,SVM,casi_abstraction_missing_last,-1.7643288560242887e-06,6.098819903516625e-06,Permutation importance (test RMSE),290
AD,SVM,casi_long_term_memory_missing_last,-1.7643288560242887e-06,6.098819903516625e-06,Permutation importance (test RMSE),291
AD,SVM,casi_drawing_missing_last,-1.7643288560242887e-06,6.098819903516625e-06,Permutation importance (test RMSE),292
AD,SVM,casi_total_missing_last,-1.7643288560242887e-06,6.098819903516625e-06,Permutation importance (test RMSE),293
AD,SVM,days_since_casi_missing_last,-1.7643288560242887e-06,6.098819903516625e-06,Permutation importance (test RMSE),294
AD,SVM,casi_short_term_memory_missing_last,-1.7643288560242887e-06,6.098819903516625e-06,Permutation importance (test RMSE),295
AD,SVM,casi_orientation_missing_last,-1.7643288560242887e-06,6.098819903516625e-06,Permutation importance (test RMSE),296
AD,SVM,casi_attention_missing_last,-1.7643288560242887e-06,6.098819903516625e-06,Permutation importance (test RMSE),297
AD,SVM,casi_language_missing_last,-1.7643288560242887e-06,6.098819903516625e-06,Permutation importance (test RMSE),298
AD,SVM,casi_verbal_fluency_missing_last,-1.7643288560242887e-06,6.098819903516625e-06,Permutation importance (test RMSE),299
AD,SVM,vldl_std,-2.3320711051877387e-06,1.1376589267098201e-05,Permutation importance (test RMSE),300
AD,SVM,visit_gap_log_max,-2.7565106295146523e-06,2.860957124879936e-05,Permutation importance (test RMSE),301
AD,SVM,hba1c_gap_days_log_last,-5.4517193983749655e-06,1.5219035315398397e-05,Permutation importance (test RMSE),302
AD,SVM,visit_gap_log_last,-5.886712848274245e-06,1.6041709750523217e-05,Permutation importance (test RMSE),303
AD,SVM,vldl_max,-6.450474827562891e-06,0.00017843294564567742,Permutation importance (test RMSE),304
AD,SVM,diabetes_mean,-7.77019061680706e-06,4.5253757876861225e-05,Permutation importance (test RMSE),305
AD,SVM,diabetes_max,-7.77019061680706e-06,4.5253757876861225e-05,Permutation importance (test RMSE),306
AD,SVM,diabetes_last,-7.77019062517259e-06,4.525375787719377e-05,Permutation importance (test RMSE),307
AD,SVM,diabetes_min,-7.770190630573825e-06,4.525375787944362e-05,Permutation importance (test RMSE),308
AD,SVM,ldl_gap_days_log_last,-9.235814976465972e-06,2.1574325173557843e-05,Permutation importance (test RMSE),309
AD,SVM,triglyceride_gap_days_log_last,-9.617865106426038e-06,2.2473630839178322e-05,Permutation importance (test RMSE),310
AD,SVM,hdl_gap_days_log_last,-9.63957069131105e-06,2.252474006716995e-05,Permutation importance (test RMSE),311
AD,SVM,total_cholesterol_gap_days_log_last,-9.747536280874102e-06,2.2778988843219978e-05,Permutation importance (test RMSE),312
AD,SVM,fasting_glucose_gap_days_log_min,-1.0118022668387238e-05,2.0347531269826455e-05,Permutation importance (test RMSE),313
AD,SVM,vldl_gap_days_log_min,-1.084471938270215e-05,2.181230521845813e-05,Permutation importance (test RMSE),314
AD,SVM,hypertension_min,-1.1209243236554034e-05,6.892464153799675e-05,Permutation importance (test RMSE),315
AD,SVM,hypertension_mean,-1.120924324504724e-05,6.89246415356653e-05,Permutation importance (test RMSE),316
AD,SVM,hypertension_last,-1.120924324504724e-05,6.89246415356653e-05,Permutation importance (test RMSE),317
AD,SVM,hypertension_max,-1.120924324504724e-05,6.89246415356653e-05,Permutation importance (test RMSE),318
AD,SVM,has_recent_casi_std,-1.3149882163138171e-05,2.209088220807744e-05,Permutation importance (test RMSE),319
AD,SVM,fasting_glucose_min,-1.3798363502320887e-05,9.514337020687956e-05,Permutation importance (test RMSE),320
AD,SVM,ldl_mean,-1.40603644690096e-05,1.1562914021114567e-05,Permutation importance (test RMSE),321
AD,SVM,ldl_min,-1.4130832977693464e-05,3.0960761184600683e-05,Permutation importance (test RMSE),322
AD,SVM,has_recent_casi_last,-1.471594205318949e-05,5.197338489576827e-05,Permutation importance (test RMSE),323
AD,SVM,total_cholesterol_max,-2.229423021147814e-05,2.8754577348324855e-05,Permutation importance (test RMSE),324
AD,SVM,fasting_glucose_max,-2.6014581015687543e-05,6.79766895029684e-05,Permutation importance (test RMSE),325
AD,SVM,fasting_glucose_gap_days_log_mean,-2.6823325289887512e-05,3.48101650542544e-05,Permutation importance (test RMSE),326
AD,SVM,vldl_gap_days_log_mean,-2.8611211274987e-05,3.060686517057899e-05,Permutation importance (test RMSE),327
AD,SVM,hyperlipidemia_mean,-3.1123587035186696e-05,5.200600224337676e-05,Permutation importance (test RMSE),328
AD,SVM,hyperlipidemia_max,-3.1123587035186696e-05,5.200600224337676e-05,Permutation importance (test RMSE),329
AD,SVM,hyperlipidemia_last,-3.112358704052132e-05,5.200600224339792e-05,Permutation importance (test RMSE),330
AD,SVM,hyperlipidemia_min,-3.112358704052132e-05,5.200600224339792e-05,Permutation importance (test RMSE),331
AD,SVM,hba1c_mean,-3.474795387943819e-05,8.773415019422569e-05,Permutation importance (test RMSE),332
AD,SVM,fasting_glucose_mean,-3.70264240789564e-05,7.584760361161836e-05,Permutation importance (test RMSE),333
AD,SVM,total_cholesterol_mean,-4.165830080380961e-05,4.1718256804800226e-05,Permutation importance (test RMSE),334
AD,SVM,education_min,-6.284374950649708e-05,0.00019387949538457875,Permutation importance (test RMSE),335
AD,SVM,education_max,-6.284374952885141e-05,0.00019387949538706686,Permutation importance (test RMSE),336
AD,SVM,education_last,-6.284374952885141e-05,0.00019387949538706686,Permutation importance (test RMSE),337
AD,SVM,education_mean,-6.284374952885141e-05,0.00019387949538706686,Permutation importance (test RMSE),338
AD,SVM,fasting_glucose_last,-7.265896555375684e-05,8.44144322169197e-05,Permutation importance (test RMSE),339
AD,SVM,ldl_last,-7.31765245108984e-05,4.723109334837645e-05,Permutation importance (test RMSE),340
AD,SVM,total_cholesterol_last,-8.351876929055813e-05,9.046677708250296e-05,Permutation importance (test RMSE),341
AD,SVM,hba1c_last,-8.600689050390353e-05,9.49981731292895e-05,Permutation importance (test RMSE),342
AD,SVM,hba1c_max,-0.00010014780089798725,9.99479258872425e-05,Permutation importance (test RMSE),343
AD,SVM,apoe4_count_min,-0.00013879144040304658,0.00012183197159073056,Permutation importance (test RMSE),344
AD,SVM,apoe4_count_max,-0.00013879144041670233,0.00012183197158965531,Permutation importance (test RMSE),345
AD,SVM,apoe4_count_last,-0.00013879144041670233,0.00012183197158965531,Permutation importance (test RMSE),346
AD,SVM,apoe4_count_mean,-0.00013879144041670233,0.00012183197158965531,Permutation importance (test RMSE),347
AD,XGBoost,mmse_last,0.5356193041580847,0.0620587009867269,Permutation importance (test RMSE),1
AD,XGBoost,mmse_min,0.02812352608289348,0.0075386749310338425,Permutation importance (test RMSE),2
AD,XGBoost,casi_language_min,0.020705470145620332,0.006030119075458853,Permutation importance (test RMSE),3
AD,XGBoost,casi_drawing_max,0.01907229529541766,0.012542855673309315,Permutation importance (test RMSE),4
AD,XGBoost,mmse_mean,0.011090939535477917,0.00429499743664024,Permutation importance (test RMSE),5
AD,XGBoost,casi_drawing_mean,0.010241732868518557,0.007320870319163674,Permutation importance (test RMSE),6
AD,XGBoost,cdr_sob_last,0.010190472073845765,0.0035322170779903774,Permutation importance (test RMSE),7
AD,XGBoost,cdr_memory_mean,0.00870818349058638,0.004132897050506262,Permutation importance (test RMSE),8
AD,XGBoost,casi_attention_std,0.0064108514039489944,0.0040081448572712,Permutation importance (test RMSE),9
AD,XGBoost,cdr_orientation_last,0.004038854662179081,0.001807903061036042,Permutation importance (test RMSE),10
AD,XGBoost,casi_total_std,0.003881505092875978,0.0010373539616519072,Permutation importance (test RMSE),11
AD,XGBoost,casi_verbal_fluency_std,0.0038110512772705748,0.003826948503176222,Permutation importance (test RMSE),12
AD,XGBoost,casi_mental_manipulation_last,0.0037318271431530077,0.0060624045171280925,Permutation importance (test RMSE),13
AD,XGBoost,triglyceride_std,0.0034164791839351783,0.0012868061032034672,Permutation importance (test RMSE),14
AD,XGBoost,cdr_community_mean,0.002884176032024255,0.0031197553946531458,Permutation importance (test RMSE),15
AD,XGBoost,cdr_global_last,0.0025472396269370897,0.001968490814769319,Permutation importance (test RMSE),16
AD,XGBoost,ldl_mean,0.0019199436184335506,0.0014984437070203792,Permutation importance (test RMSE),17
AD,XGBoost,casi_attention_mean,0.0019063165380296537,0.003315227933009295,Permutation importance (test RMSE),18
AD,XGBoost,cdr_memory_last,0.0018883105474397227,0.0014508720480380787,Permutation importance (test RMSE),19
AD,XGBoost,casi_short_term_memory_mean,0.0018289212071751465,0.003222199476485432,Permutation importance (test RMSE),20
AD,XGBoost,casi_verbal_fluency_mean,0.0017182407568905572,0.0017937285911081976,Permutation importance (test RMSE),21
AD,XGBoost,mmse_std,0.001465472887018765,0.0007846884754429779,Permutation importance (test RMSE),22
AD,XGBoost,cdr_judgment_mean,0.0014430946321033172,0.0016007542910707964,Permutation importance (test RMSE),23
AD,XGBoost,visit_gap_log_std,0.0012954503830113402,0.0007224395583516958,Permutation importance (test RMSE),24
AD,XGBoost,mmse_max,0.0011713443431297487,0.002049194449553197,Permutation importance (test RMSE),25
AD,XGBoost,cdr_orientation_mean,0.0010715274222998423,0.0007667908224911724,Permutation importance (test RMSE),26
AD,XGBoost,triglyceride_max,0.001061445762851118,0.000543956492838026,Permutation importance (test RMSE),27
AD,XGBoost,casi_orientation_last,0.0009427893153218792,0.0005226755100075613,Permutation importance (test RMSE),28
AD,XGBoost,fasting_glucose_last,0.0008676266391584503,0.0007173610716431497,Permutation importance (test RMSE),29
AD,XGBoost,casi_abstraction_mean,0.0008089498932688122,0.0007938461221568298,Permutation importance (test RMSE),30
AD,XGBoost,casi_short_term_memory_std,0.0007587589629376668,0.000960861920239232,Permutation importance (test RMSE),31
AD,XGBoost,casi_attention_last,0.0007300782182719818,0.0014163405063928366,Permutation importance (test RMSE),32
AD,XGBoost,casi_total_max,0.0006783053328786037,0.00043354005537208414,Permutation importance (test RMSE),33
AD,XGBoost,total_cholesterol_std,0.0006502628464836707,0.00021062230678902492,Permutation importance (test RMSE),34
AD,XGBoost,total_cholesterol_gap_days_log_std,0.0006357609756729637,0.00037239737865671157,Permutation importance (test RMSE),35
AD,XGBoost,fasting_glucose_gap_days_log_std,0.0005938535913371679,0.00027172573565758124,Permutation importance (test RMSE),36
AD,XGBoost,casi_language_mean,0.000540679012376255,0.002347920434714688,Permutation importance (test RMSE),37
AD,XGBoost,age_first_mmse_last,0.000506286551724558,0.0024907998848272563,Permutation importance (test RMSE),38
AD,XGBoost,casi_abstraction_last,0.0004979300763189226,0.0011424713920001521,Permutation importance (test RMSE),39
AD,XGBoost,hba1c_mean,0.0004575324169776351,0.00047189951367144936,Permutation importance (test RMSE),40
AD,XGBoost,ldl_gap_days_log_max,0.00044735987422820647,0.0015667395253359325,Permutation importance (test RMSE),41
AD,XGBoost,cdr_global_std,0.00044195523220021127,0.0023566369461059016,Permutation importance (test RMSE),42
AD,XGBoost,cdr_judgment_std,0.0004356277518364232,0.0017470411753679317,Permutation importance (test RMSE),43
AD,XGBoost,education_last,0.0003778371738640346,0.0005234161933650558,Permutation importance (test RMSE),44
AD,XGBoost,ldl_std,0.00037477315815959145,0.0008634152189580857,Permutation importance (test RMSE),45
AD,XGBoost,cdr_personal_care_mean,0.0003318867169501999,0.00035906477181676835,Permutation importance (test RMSE),46
AD,XGBoost,hdl_max,0.00032056135743711855,0.0005951362529687059,Permutation importance (test RMSE),47
AD,XGBoost,cdr_home_hobbies_last,0.0003067557697893075,0.0006466060729587383,Permutation importance (test RMSE),48
AD,XGBoost,ldl_gap_days_log_std,0.0002831687286817458,0.0005624609070372597,Permutation importance (test RMSE),49
AD,XGBoost,apoe4_count_last,0.0002773285629089739,0.0013383372546224876,Permutation importance (test RMSE),50
AD,XGBoost,cdr_judgment_last,0.0002707390855950259,0.00018110295463814627,Permutation importance (test RMSE),51
AD,XGBoost,casi_abstraction_std,0.00026597294301123063,0.0005924310051988678,Permutation importance (test RMSE),52
AD,XGBoost,hdl_gap_days_log_last,0.0002550461617314842,0.00012579889438711316,Permutation importance (test RMSE),53
AD,XGBoost,casi_long_term_memory_mean,0.00024256121999511327,0.0008017287777842323,Permutation importance (test RMSE),54
AD,XGBoost,casi_mental_manipulation_mean,0.00023307869122466128,0.0006637780628033479,Permutation importance (test RMSE),55
AD,XGBoost,casi_orientation_max,0.00020802846683511123,0.0003997373042414108,Permutation importance (test RMSE),56
AD,XGBoost,total_cholesterol_min,0.00020510683477992787,0.00013644393890819848,Permutation importance (test RMSE),57
AD,XGBoost,casi_long_term_memory_last,0.0001800767244434981,0.0011628731146008217,Permutation importance (test RMSE),58
AD,XGBoost,casi_attention_min,0.00016994459209369316,0.0010698508779047125,Permutation importance (test RMSE),59
AD,XGBoost,triglyceride_mean,0.0001597294453026754,0.00017923129595160555,Permutation importance (test RMSE),60
AD,XGBoost,total_cholesterol_gap_days_log_max,0.000153887641907427,0.00036507904062009976,Permutation importance (test RMSE),61
AD,XGBoost,cdr_home_hobbies_mean,0.0001507097821166259,0.00010068987197700282,Permutation importance (test RMSE),62
AD,XGBoost,cdr_community_last,0.0001434141953381096,6.553607746847702e-05,Permutation importance (test RMSE),63
AD,XGBoost,hypertension_last,0.0001407093509875501,0.00019172614404661508,Permutation importance (test RMSE),64
AD,XGBoost,cdr_global_mean,0.0001231188654631593,0.0005057995548886316,Permutation importance (test RMSE),65
AD,XGBoost,visit_gap_log_max,0.00011814861904129725,0.0012275376585172383,Permutation importance (test RMSE),66
AD,XGBoost,gender_std,0.00011583749247213726,8.365434911450823e-05,Permutation importance (test RMSE),67
AD,XGBoost,hdl_gap_days_log_max,0.00011549912148607622,0.0013541589552775106,Permutation importance (test RMSE),68
AD,XGBoost,casi_orientation_min,0.00010881107241211829,0.0002944174874152039,Permutation importance (test RMSE),69
AD,XGBoost,cdr_sob_min,0.00010387279523406679,8.456369749564746e-05,Permutation importance (test RMSE),70
AD,XGBoost,hyperlipidemia_last,8.720887308240888e-05,8.426151152214314e-05,Permutation importance (test RMSE),71
AD,XGBoost,casi_abstraction_min,8.394144143851479e-05,0.00018038652259856278,Permutation importance (test RMSE),72
AD,XGBoost,cdr_orientation_max,7.19940921384693e-05,7.78887759114134e-05,Permutation importance (test RMSE),73
AD,XGBoost,hba1c_gap_days_log_max,5.621584313245109e-05,0.00021020528685523164,Permutation importance (test RMSE),74
AD,XGBoost,cdr_orientation_min,4.599924265438482e-05,4.812944214284939e-05,Permutation importance (test RMSE),75
AD,XGBoost,hba1c_max,2.8093854558652875e-05,0.000135570506439233,Permutation importance (test RMSE),76
AD,XGBoost,casi_orientation_std,1.8078598675808077e-05,0.001063670252458397,Permutation importance (test RMSE),77
AD,XGBoost,casi_language_max,1.7764492240809892e-05,0.0002481326281305119,Permutation importance (test RMSE),78
AD,XGBoost,total_cholesterol_max,7.0637254571542796e-06,0.0005899464610709553,Permutation importance (test RMSE),79
AD,XGBoost,hba1c_gap_days_log_std,5.89273361886744e-07,1.9745376232978664e-06,Permutation importance (test RMSE),80
AD,XGBoost,vldl_gap_days_log_missing_mean,0.0,0.0,Permutation importance (test RMSE),81
AD,XGBoost,hdl_gap_days_log_missing_max,0.0,0.0,Permutation importance (test RMSE),82
AD,XGBoost,vldl_gap_days_log_missing_std,0.0,0.0,Permutation importance (test RMSE),83
AD,XGBoost,hba1c_missing_max,0.0,0.0,Permutation importance (test RMSE),84
AD,XGBoost,hba1c_missing_min,0.0,0.0,Permutation importance (test RMSE),85
AD,XGBoost,hdl_gap_days_log_missing_std,0.0,0.0,Permutation importance (test RMSE),86
AD,XGBoost,hdl_gap_days_log_missing_mean,0.0,0.0,Permutation importance (test RMSE),87
AD,XGBoost,hba1c_gap_days_log_missing_mean,0.0,0.0,Permutation importance (test RMSE),88
AD,XGBoost,fasting_glucose_gap_days_log_missing_max,0.0,0.0,Permutation importance (test RMSE),89
AD,XGBoost,fasting_glucose_gap_days_log_missing_min,0.0,0.0,Permutation importance (test RMSE),90
AD,XGBoost,hdl_gap_days_log_missing_min,0.0,0.0,Permutation importance (test RMSE),91
AD,XGBoost,fasting_glucose_gap_days_log_missing_mean,0.0,0.0,Permutation importance (test RMSE),92
AD,XGBoost,triglyceride_gap_days_log_missing_max,0.0,0.0,Permutation importance (test RMSE),93
AD,XGBoost,hba1c_missing_std,0.0,0.0,Permutation importance (test RMSE),94
AD,XGBoost,hba1c_missing_mean,0.0,0.0,Permutation importance (test RMSE),95
AD,XGBoost,triglyceride_gap_days_log_missing_mean,0.0,0.0,Permutation importance (test RMSE),96
AD,XGBoost,total_cholesterol_gap_days_log_missing_max,0.0,0.0,Permutation importance (test RMSE),97
AD,XGBoost,total_cholesterol_gap_days_log_missing_min,0.0,0.0,Permutation importance (test RMSE),98
AD,XGBoost,total_cholesterol_gap_days_log_missing_std,0.0,0.0,Permutation importance (test RMSE),99
AD,XGBoost,total_cholesterol_gap_days_log_missing_mean,0.0,0.0,Permutation importance (test RMSE),100
AD,XGBoost,has_recent_casi_last,0.0,0.0,Permutation importance (test RMSE),101
AD,XGBoost,days_since_casi_last,0.0,0.0,Permutation importance (test RMSE),102
AD,XGBoost,triglyceride_missing_min,0.0,0.0,Permutation importance (test RMSE),103
AD,XGBoost,triglyceride_missing_std,0.0,0.0,Permutation importance (test RMSE),104
AD,XGBoost,triglyceride_missing_mean,0.0,0.0,Permutation importance (test RMSE),105
AD,XGBoost,total_cholesterol_missing_max,0.0,0.0,Permutation importance (test RMSE),106
AD,XGBoost,fasting_glucose_gap_days_log_missing_std,0.0,0.0,Permutation importance (test RMSE),107
AD,XGBoost,total_cholesterol_missing_std,0.0,0.0,Permutation importance (test RMSE),108
AD,XGBoost,total_cholesterol_missing_mean,0.0,0.0,Permutation importance (test RMSE),109
AD,XGBoost,triglyceride_gap_days_log_missing_min,0.0,0.0,Permutation importance (test RMSE),110
AD,XGBoost,triglyceride_gap_days_log_missing_std,0.0,0.0,Permutation importance (test RMSE),111
AD,XGBoost,ldl_missing_min,0.0,0.0,Permutation importance (test RMSE),112
AD,XGBoost,ldl_missing_max,0.0,0.0,Permutation importance (test RMSE),113
AD,XGBoost,ldl_missing_mean,0.0,0.0,Permutation importance (test RMSE),114
AD,XGBoost,ldl_missing_std,0.0,0.0,Permutation importance (test RMSE),115
AD,XGBoost,cdr_personal_care_max,0.0,0.0,Permutation importance (test RMSE),116
AD,XGBoost,cdr_personal_care_std,0.0,0.0,Permutation importance (test RMSE),117
AD,XGBoost,cdr_home_hobbies_max,0.0,0.0,Permutation importance (test RMSE),118
AD,XGBoost,casi_long_term_memory_max,0.0,0.0,Permutation importance (test RMSE),119
AD,XGBoost,cdr_community_min,0.0,0.0,Permutation importance (test RMSE),120
AD,XGBoost,fasting_glucose_missing_max,0.0,0.0,Permutation importance (test RMSE),121
AD,XGBoost,fasting_glucose_missing_min,0.0,0.0,Permutation importance (test RMSE),122
AD,XGBoost,fasting_glucose_missing_std,0.0,0.0,Permutation importance (test RMSE),123
AD,XGBoost,fasting_glucose_missing_mean,0.0,0.0,Permutation importance (test RMSE),124
AD,XGBoost,triglyceride_missing_max,0.0,0.0,Permutation importance (test RMSE),125
AD,XGBoost,ldl_gap_days_log_missing_last,0.0,0.0,Permutation importance (test RMSE),126
AD,XGBoost,cdr_community_max,0.0,0.0,Permutation importance (test RMSE),127
AD,XGBoost,vldl_gap_days_log_missing_last,0.0,0.0,Permutation importance (test RMSE),128
AD,XGBoost,hdl_gap_days_log_missing_last,0.0,0.0,Permutation importance (test RMSE),129
AD,XGBoost,total_cholesterol_missing_last,0.0,0.0,Permutation importance (test RMSE),130
AD,XGBoost,triglyceride_missing_last,0.0,0.0,Permutation importance (test RMSE),131
AD,XGBoost,ldl_missing_last,0.0,0.0,Permutation importance (test RMSE),132
AD,XGBoost,cdr_judgment_max,0.0,0.0,Permutation importance (test RMSE),133
AD,XGBoost,cdr_judgment_min,0.0,0.0,Permutation importance (test RMSE),134
AD,XGBoost,cdr_memory_max,0.0,0.0,Permutation importance (test RMSE),135
AD,XGBoost,cdr_global_max,0.0,0.0,Permutation importance (test RMSE),136
AD,XGBoost,casi_attention_max,0.0,0.0,Permutation importance (test RMSE),137
AD,XGBoost,casi_mental_manipulation_max,0.0,0.0,Permutation importance (test RMSE),138
AD,XGBoost,total_cholesterol_missing_min,0.0,0.0,Permutation importance (test RMSE),139
AD,XGBoost,vldl_gap_days_log_missing_max,0.0,0.0,Permutation importance (test RMSE),140
AD,XGBoost,vldl_gap_days_log_missing_min,0.0,0.0,Permutation importance (test RMSE),141
AD,XGBoost,ldl_gap_days_log_missing_std,0.0,0.0,Permutation importance (test RMSE),142
AD,XGBoost,ldl_gap_days_log_missing_mean,0.0,0.0,Permutation importance (test RMSE),143
AD,XGBoost,days_since_casi_std,0.0,0.0,Permutation importance (test RMSE),144
AD,XGBoost,days_since_casi_min,0.0,0.0,Permutation importance (test RMSE),145
AD,XGBoost,days_since_casi_max,0.0,0.0,Permutation importance (test RMSE),146
AD,XGBoost,has_recent_casi_min,0.0,0.0,Permutation importance (test RMSE),147
AD,XGBoost,has_recent_casi_max,0.0,0.0,Permutation importance (test RMSE),148
AD,XGBoost,vldl_missing_mean,0.0,0.0,Permutation importance (test RMSE),149
AD,XGBoost,vldl_missing_min,0.0,0.0,Permutation importance (test RMSE),150
AD,XGBoost,hdl_missing_max,0.0,0.0,Permutation importance (test RMSE),151
AD,XGBoost,hdl_missing_mean,0.0,0.0,Permutation importance (test RMSE),152
AD,XGBoost,days_since_casi_missing_max,0.0,0.0,Permutation importance (test RMSE),153
AD,XGBoost,days_since_casi_missing_min,0.0,0.0,Permutation importance (test RMSE),154
AD,XGBoost,days_since_casi_missing_std,0.0,0.0,Permutation importance (test RMSE),155
AD,XGBoost,days_since_casi_missing_mean,0.0,0.0,Permutation importance (test RMSE),156
AD,XGBoost,casi_total_missing_max,0.0,0.0,Permutation importance (test RMSE),157
AD,XGBoost,hdl_missing_min,0.0,0.0,Permutation importance (test RMSE),158
AD,XGBoost,vldl_missing_max,0.0,0.0,Permutation importance (test RMSE),159
AD,XGBoost,casi_total_missing_std,0.0,0.0,Permutation importance (test RMSE),160
AD,XGBoost,casi_total_missing_min,0.0,0.0,Permutation importance (test RMSE),161
AD,XGBoost,casi_drawing_missing_last,0.0,0.0,Permutation importance (test RMSE),162
AD,XGBoost,casi_total_missing_mean,0.0,0.0,Permutation importance (test RMSE),163
AD,XGBoost,casi_short_term_memory_missing_last,0.0,0.0,Permutation importance (test RMSE),164
AD,XGBoost,casi_long_term_memory_missing_last,0.0,0.0,Permutation importance (test RMSE),165
AD,XGBoost,casi_orientation_missing_last,0.0,0.0,Permutation importance (test RMSE),166
AD,XGBoost,casi_abstraction_missing_last,0.0,0.0,Permutation importance (test RMSE),167
AD,XGBoost,casi_attention_missing_last,0.0,0.0,Permutation importance (test RMSE),168
AD,XGBoost,casi_mental_manipulation_missing_last,0.0,0.0,Permutation importance (test RMSE),169
AD,XGBoost,hba1c_gap_days_log_missing_last,0.0,0.0,Permutation importance (test RMSE),170
AD,XGBoost,apoe_missing_last,0.0,0.0,Permutation importance (test RMSE),171
AD,XGBoost,fasting_glucose_gap_days_log_missing_last,0.0,0.0,Permutation importance (test RMSE),172
AD,XGBoost,triglyceride_gap_days_log_missing_last,0.0,0.0,Permutation importance (test RMSE),173
AD,XGBoost,total_cholesterol_gap_days_log_missing_last,0.0,0.0,Permutation importance (test RMSE),174
AD,XGBoost,vldl_missing_std,0.0,0.0,Permutation importance (test RMSE),175
AD,XGBoost,hdl_gap_days_log_min,0.0,0.0,Permutation importance (test RMSE),176
AD,XGBoost,hba1c_min,0.0,0.0,Permutation importance (test RMSE),177
AD,XGBoost,casi_language_missing_min,0.0,0.0,Permutation importance (test RMSE),178
AD,XGBoost,casi_language_missing_max,0.0,0.0,Permutation importance (test RMSE),179
AD,XGBoost,casi_language_missing_mean,0.0,0.0,Permutation importance (test RMSE),180
AD,XGBoost,casi_verbal_fluency_missing_max,0.0,0.0,Permutation importance (test RMSE),181
AD,XGBoost,casi_verbal_fluency_missing_min,0.0,0.0,Permutation importance (test RMSE),182
AD,XGBoost,casi_language_missing_std,0.0,0.0,Permutation importance (test RMSE),183
AD,XGBoost,casi_verbal_fluency_missing_mean,0.0,0.0,Permutation importance (test RMSE),184
AD,XGBoost,casi_drawing_missing_max,0.0,0.0,Permutation importance (test RMSE),185
AD,XGBoost,casi_drawing_missing_min,0.0,0.0,Permutation importance (test RMSE),186
AD,XGBoost,casi_drawing_missing_std,0.0,0.0,Permutation importance (test RMSE),187
AD,XGBoost,casi_drawing_missing_mean,0.0,0.0,Permutation importance (test RMSE),188
AD,XGBoost,casi_abstraction_missing_max,0.0,0.0,Permutation importance (test RMSE),189
AD,XGBoost,casi_abstraction_missing_min,0.0,0.0,Permutation importance (test RMSE),190
AD,XGBoost,casi_verbal_fluency_missing_std,0.0,0.0,Permutation importance (test RMSE),191
AD,XGBoost,casi_abstraction_missing_std,0.0,0.0,Permutation importance (test RMSE),192
AD,XGBoost,casi_abstraction_missing_mean,0.0,0.0,Permutation importance (test RMSE),193
AD,XGBoost,triglyceride_gap_days_log_min,0.0,0.0,Permutation importance (test RMSE),194
AD,XGBoost,triglyceride_gap_days_log_max,0.0,0.0,Permutation importance (test RMSE),195
AD,XGBoost,triglyceride_gap_days_log_mean,0.0,0.0,Permutation importance (test RMSE),196
AD,XGBoost,total_cholesterol_gap_days_log_min,0.0,0.0,Permutation importance (test RMSE),197
AD,XGBoost,ldl_gap_days_log_min,0.0,0.0,Permutation importance (test RMSE),198
AD,XGBoost,triglyceride_gap_days_log_std,0.0,0.0,Permutation importance (test RMSE),199
AD,XGBoost,vldl_gap_days_log_min,0.0,0.0,Permutation importance (test RMSE),200
AD,XGBoost,education_max,0.0,0.0,Permutation importance (test RMSE),201
AD,XGBoost,education_mean,0.0,0.0,Permutation importance (test RMSE),202
AD,XGBoost,education_min,0.0,0.0,Permutation importance (test RMSE),203
AD,XGBoost,age_first_mmse_max,0.0,0.0,Permutation importance (test RMSE),204
AD,XGBoost,age_first_mmse_min,0.0,0.0,Permutation importance (test RMSE),205
AD,XGBoost,age_first_mmse_std,0.0,0.0,Permutation importance (test RMSE),206
AD,XGBoost,hdl_missing_std,0.0,0.0,Permutation importance (test RMSE),207
AD,XGBoost,age_first_mmse_mean,0.0,0.0,Permutation importance (test RMSE),208
AD,XGBoost,hba1c_gap_days_log_min,0.0,0.0,Permutation importance (test RMSE),209
AD,XGBoost,fasting_glucose_gap_days_log_min,0.0,0.0,Permutation importance (test RMSE),210
AD,XGBoost,casi_short_term_memory_missing_max,0.0,0.0,Permutation importance (test RMSE),211
AD,XGBoost,casi_short_term_memory_missing_min,0.0,0.0,Permutation importance (test RMSE),212
AD,XGBoost,casi_short_term_memory_missing_std,0.0,0.0,Permutation importance (test RMSE),213
AD,XGBoost,casi_short_term_memory_missing_mean,0.0,0.0,Permutation importance (test RMSE),214
AD,XGBoost,casi_long_term_memory_missing_max,0.0,0.0,Permutation importance (test RMSE),215
AD,XGBoost,casi_long_term_memory_missing_min,0.0,0.0,Permutation importance (test RMSE),216
AD,XGBoost,casi_long_term_memory_missing_std,0.0,0.0,Permutation importance (test RMSE),217
AD,XGBoost,casi_long_term_memory_missing_mean,0.0,0.0,Permutation importance (test RMSE),218
AD,XGBoost,casi_orientation_missing_max,0.0,0.0,Permutation importance (test RMSE),219
AD,XGBoost,casi_orientation_missing_min,0.0,0.0,Permutation importance (test RMSE),220
AD,XGBoost,casi_orientation_missing_std,0.0,0.0,Permutation importance (test RMSE),221
AD,XGBoost,casi_orientation_missing_mean,0.0,0.0,Permutation importance (test RMSE),222
AD,XGBoost,casi_attention_missing_max,0.0,0.0,Permutation importance (test RMSE),223
AD,XGBoost,casi_attention_missing_min,0.0,0.0,Permutation importance (test RMSE),224
AD,XGBoost,casi_attention_missing_std,0.0,0.0,Permutation importance (test RMSE),225
AD,XGBoost,casi_attention_missing_mean,0.0,0.0,Permutation importance (test RMSE),226
AD,XGBoost,apoe4_count_max,0.0,0.0,Permutation importance (test RMSE),227
AD,XGBoost,apoe4_count_min,0.0,0.0,Permutation importance (test RMSE),228
AD,XGBoost,apoe4_count_std,0.0,0.0,Permutation importance (test RMSE),229
AD,XGBoost,apoe4_count_mean,0.0,0.0,Permutation importance (test RMSE),230
AD,XGBoost,hyperlipidemia_max,0.0,0.0,Permutation importance (test RMSE),231
AD,XGBoost,hyperlipidemia_min,0.0,0.0,Permutation importance (test RMSE),232
AD,XGBoost,hyperlipidemia_std,0.0,0.0,Permutation importance (test RMSE),233
AD,XGBoost,hyperlipidemia_mean,0.0,0.0,Permutation importance (test RMSE),234
AD,XGBoost,diabetes_max,0.0,0.0,Permutation importance (test RMSE),235
AD,XGBoost,diabetes_min,0.0,0.0,Permutation importance (test RMSE),236
AD,XGBoost,diabetes_std,0.0,0.0,Permutation importance (test RMSE),237
AD,XGBoost,diabetes_mean,0.0,0.0,Permutation importance (test RMSE),238
AD,XGBoost,hypertension_max,0.0,0.0,Permutation importance (test RMSE),239
AD,XGBoost,hypertension_min,0.0,0.0,Permutation importance (test RMSE),240
AD,XGBoost,hypertension_std,0.0,0.0,Permutation importance (test RMSE),241
AD,XGBoost,hypertension_mean,0.0,0.0,Permutation importance (test RMSE),242
AD,XGBoost,casi_mental_manipulation_missing_max,0.0,0.0,Permutation importance (test RMSE),243
AD,XGBoost,casi_mental_manipulation_missing_min,0.0,0.0,Permutation importance (test RMSE),244
AD,XGBoost,hba1c_gap_days_log_last,0.0,0.0,Permutation importance (test RMSE),245
AD,XGBoost,fasting_glucose_gap_days_log_last,0.0,0.0,Permutation importance (test RMSE),246
AD,XGBoost,triglyceride_gap_days_log_last,0.0,0.0,Permutation importance (test RMSE),247
AD,XGBoost,total_cholesterol_gap_days_log_last,0.0,0.0,Permutation importance (test RMSE),248
AD,XGBoost,ldl_gap_days_log_last,0.0,0.0,Permutation importance (test RMSE),249
AD,XGBoost,vldl_gap_days_log_last,0.0,0.0,Permutation importance (test RMSE),250
AD,XGBoost,vldl_missing_last,0.0,0.0,Permutation importance (test RMSE),251
AD,XGBoost,days_since_casi_missing_last,0.0,0.0,Permutation importance (test RMSE),252
AD,XGBoost,casi_total_missing_last,0.0,0.0,Permutation importance (test RMSE),253
AD,XGBoost,casi_language_missing_last,0.0,0.0,Permutation importance (test RMSE),254
AD,XGBoost,casi_verbal_fluency_missing_last,0.0,0.0,Permutation importance (test RMSE),255
AD,XGBoost,casi_mental_manipulation_missing_std,0.0,0.0,Permutation importance (test RMSE),256
AD,XGBoost,casi_mental_manipulation_missing_mean,0.0,0.0,Permutation importance (test RMSE),257
AD,XGBoost,visit_gap_log_min,0.0,0.0,Permutation importance (test RMSE),258
AD,XGBoost,gender_max,0.0,0.0,Permutation importance (test RMSE),259
AD,XGBoost,gender_min,0.0,0.0,Permutation importance (test RMSE),260
AD,XGBoost,gender_mean,0.0,0.0,Permutation importance (test RMSE),261
AD,XGBoost,apoe_missing_max,0.0,0.0,Permutation importance (test RMSE),262
AD,XGBoost,apoe_missing_min,0.0,0.0,Permutation importance (test RMSE),263
AD,XGBoost,apoe_missing_std,0.0,0.0,Permutation importance (test RMSE),264
AD,XGBoost,apoe_missing_mean,0.0,0.0,Permutation importance (test RMSE),265
AD,XGBoost,hba1c_gap_days_log_missing_min,0.0,0.0,Permutation importance (test RMSE),266
AD,XGBoost,hba1c_gap_days_log_missing_std,0.0,0.0,Permutation importance (test RMSE),267
AD,XGBoost,ldl_gap_days_log_missing_min,0.0,0.0,Permutation importance (test RMSE),268
AD,XGBoost,ldl_gap_days_log_missing_max,0.0,0.0,Permutation importance (test RMSE),269
AD,XGBoost,hba1c_gap_days_log_missing_max,0.0,0.0,Permutation importance (test RMSE),270
AD,XGBoost,history_n_visits,0.0,0.0,Permutation importance (test RMSE),271
AD,XGBoost,total_cholesterol_last,-4.028716835025037e-07,0.0003083021616407785,Permutation importance (test RMSE),272
AD,XGBoost,casi_drawing_last,-1.4830837367643678e-05,0.0006936704403563802,Permutation importance (test RMSE),273
AD,XGBoost,cdr_personal_care_min,-2.2112138000923708e-05,1.9362950403736083e-05,Permutation importance (test RMSE),274
AD,XGBoost,vldl_min,-2.914221167897857e-05,0.0002128498080188781,Permutation importance (test RMSE),275
AD,XGBoost,casi_total_mean,-3.218955168435011e-05,0.0003984043965318619,Permutation importance (test RMSE),276
AD,XGBoost,hba1c_last,-3.7052930195552444e-05,0.00025838465862422055,Permutation importance (test RMSE),277
AD,XGBoost,cdr_community_std,-3.7476079730294766e-05,0.00010439561556751992,Permutation importance (test RMSE),278
AD,XGBoost,education_std,-3.9232752838913584e-05,8.878810037991085e-05,Permutation importance (test RMSE),279
AD,XGBoost,cdr_memory_min,-3.993411276718983e-05,7.012663003972775e-05,Permutation importance (test RMSE),280
AD,XGBoost,days_since_casi_mean,-4.143912698273689e-05,0.0001623891566439827,Permutation importance (test RMSE),281
AD,XGBoost,hdl_missing_last,-4.321262361328404e-05,0.00010563123008419903,Permutation importance (test RMSE),282
AD,XGBoost,casi_abstraction_max,-4.335543334616498e-05,0.00017168691955795723,Permutation importance (test RMSE),283
AD,XGBoost,hba1c_gap_days_log_mean,-7.29316079086606e-05,0.00024230478687364178,Permutation importance (test RMSE),284
AD,XGBoost,cdr_global_min,-7.53386488700325e-05,8.479409161111488e-05,Permutation importance (test RMSE),285
AD,XGBoost,cdr_sob_mean,-9.498742792625748e-05,0.0007395878924680845,Permutation importance (test RMSE),286
AD,XGBoost,casi_long_term_memory_std,-0.00010483677826234606,0.0004625971530929719,Permutation importance (test RMSE),287
AD,XGBoost,hdl_mean,-0.00010488575674462708,0.000599030368838005,Permutation importance (test RMSE),288
AD,XGBoost,hdl_std,-0.00011662344400470704,0.0011545596946559104,Permutation importance (test RMSE),289
AD,XGBoost,has_recent_casi_std,-0.00011690138049657572,0.00016165984933856425,Permutation importance (test RMSE),290
AD,XGBoost,hba1c_std,-0.00012741339044526067,0.00011260936461433997,Permutation importance (test RMSE),291
AD,XGBoost,casi_verbal_fluency_max,-0.00013213305070406412,0.00015151086455494173,Permutation importance (test RMSE),292
AD,XGBoost,fasting_glucose_missing_last,-0.00013351308379911387,0.00047560757663026254,Permutation importance (test RMSE),293
AD,XGBoost,fasting_glucose_max,-0.0001371975162366257,0.00022761937962002457,Permutation importance (test RMSE),294
AD,XGBoost,fasting_glucose_min,-0.00014609463923490607,0.0005928844044279912,Permutation importance (test RMSE),295
AD,XGBoost,total_cholesterol_gap_days_log_mean,-0.0001472322697411821,0.00010758535421232547,Permutation importance (test RMSE),296
AD,XGBoost,casi_verbal_fluency_min,-0.00015493086556445657,0.0004613749068895682,Permutation importance (test RMSE),297
AD,XGBoost,visit_gap_log_mean,-0.0001632886787750948,0.00017794626137321493,Permutation importance (test RMSE),298
AD,XGBoost,vldl_gap_days_log_std,-0.00017143096488417,7.30610362922891e-05,Permutation importance (test RMSE),299
AD,XGBoost,casi_short_term_memory_last,-0.0001751482572868529,0.0026855041080165055,Permutation importance (test RMSE),300
AD,XGBoost,fasting_glucose_gap_days_log_mean,-0.00018041450967571927,0.00031609182379409214,Permutation importance (test RMSE),301
AD,XGBoost,has_recent_casi_mean,-0.0001859986262508745,0.00017699908774348097,Permutation importance (test RMSE),302
AD,XGBoost,casi_drawing_min,-0.00019229310488052265,0.00023992961953340458,Permutation importance (test RMSE),303
AD,XGBoost,hdl_gap_days_log_mean,-0.00021040310811409335,0.0005070123171300103,Permutation importance (test RMSE),304
AD,XGBoost,cdr_personal_care_last,-0.00021087556061686607,0.00037036374505857665,Permutation importance (test RMSE),305
AD,XGBoost,casi_drawing_std,-0.00022771791016623633,0.00041951953750812783,Permutation importance (test RMSE),306
AD,XGBoost,hdl_gap_days_log_std,-0.00023315433031601828,0.0004978841499623894,Permutation importance (test RMSE),307
AD,XGBoost,fasting_glucose_gap_days_log_max,-0.0002532131122344072,0.0002600639604558825,Permutation importance (test RMSE),308
AD,XGBoost,cdr_home_hobbies_min,-0.0002594441745014553,0.00026945286584789387,Permutation importance (test RMSE),309
AD,XGBoost,history_span_days,-0.0002648017365876748,0.0007714224379797519,Permutation importance (test RMSE),310
AD,XGBoost,gender_last,-0.00026996230609296066,0.0005569977531356762,Permutation importance (test RMSE),311
AD,XGBoost,diabetes_last,-0.00028085568405088743,0.00015999683417824734,Permutation importance (test RMSE),312
AD,XGBoost,casi_language_std,-0.00029365403434351844,0.0011119590473208224,Permutation importance (test RMSE),313
AD,XGBoost,casi_long_term_memory_min,-0.00029384900404484936,0.0002850030934428346,Permutation importance (test RMSE),314
AD,XGBoost,hba1c_missing_last,-0.0002961230257987002,0.00017622902281893315,Permutation importance (test RMSE),315
AD,XGBoost,casi_mental_manipulation_std,-0.0003081291851980028,0.0004624448332747261,Permutation importance (test RMSE),316
AD,XGBoost,vldl_gap_days_log_mean,-0.0003141569489240159,0.0005753705391090168,Permutation importance (test RMSE),317
AD,XGBoost,casi_language_last,-0.0003583898132032054,0.0017853154833504961,Permutation importance (test RMSE),318
AD,XGBoost,triglyceride_min,-0.0003608053082156698,0.001993158718431655,Permutation importance (test RMSE),319
AD,XGBoost,cdr_home_hobbies_std,-0.0003728970625878375,0.0005222264580554464,Permutation importance (test RMSE),320
AD,XGBoost,ldl_last,-0.00038112218277318034,0.00040958413270489287,Permutation importance (test RMSE),321
AD,XGBoost,ldl_min,-0.00040451928635344415,0.0005444762857599493,Permutation importance (test RMSE),322
AD,XGBoost,casi_verbal_fluency_last,-0.00045359639989622227,0.00026581959821896545,Permutation importance (test RMSE),323
AD,XGBoost,casi_orientation_mean,-0.0004624033197325267,0.0005988289314666158,Permutation importance (test RMSE),324
AD,XGBoost,cdr_sob_max,-0.00046506031625309364,0.0002987316893578696,Permutation importance (test RMSE),325
AD,XGBoost,fasting_glucose_mean,-0.00046831503933377204,0.0005780319104290244,Permutation importance (test RMSE),326
AD,XGBoost,fasting_glucose_std,-0.000492286565433081,0.00045774940475104304,Permutation importance (test RMSE),327
AD,XGBoost,casi_short_term_memory_max,-0.0004959062212762683,0.0004022549210686645,Permutation importance (test RMSE),328
AD,XGBoost,ldl_gap_days_log_mean,-0.0005048879496637098,0.00026353839096038273,Permutation importance (test RMSE),329
AD,XGBoost,vldl_std,-0.0005318188943325558,0.0008660996655393393,Permutation importance (test RMSE),330
AD,XGBoost,cdr_sob_std,-0.0005660309660058677,0.0033913919659814364,Permutation importance (test RMSE),331
AD,XGBoost,vldl_gap_days_log_max,-0.000581913908045062,0.0002597781702775541,Permutation importance (test RMSE),332
AD,XGBoost,casi_short_term_memory_min,-0.0006681141479897041,0.0017167048243672603,Permutation importance (test RMSE),333
AD,XGBoost,vldl_mean,-0.0007033255474262784,0.0005660843174587348,Permutation importance (test RMSE),334
AD,XGBoost,vldl_max,-0.0007378662695524313,0.00033869827499871506,Permutation importance (test RMSE),335
AD,XGBoost,cdr_memory_std,-0.0007604063368263164,0.000642358442506643,Permutation importance (test RMSE),336
AD,XGBoost,casi_total_min,-0.0012832979392358918,0.001642017823475646,Permutation importance (test RMSE),337
AD,XGBoost,visit_gap_log_last,-0.0013392917179683383,0.0008069346216227361,Permutation importance (test RMSE),338
AD,XGBoost,hdl_min,-0.0013836008341907458,0.002274294854076737,Permutation importance (test RMSE),339
AD,XGBoost,hdl_last,-0.0014485366618743473,0.0011013253034378146,Permutation importance (test RMSE),340
AD,XGBoost,vldl_last,-0.001478332571761992,0.0005607203020461079,Permutation importance (test RMSE),341
AD,XGBoost,casi_total_last,-0.0015026532023819622,0.0038480130628438854,Permutation importance (test RMSE),342
AD,XGBoost,cdr_orientation_std,-0.0017585890862958059,0.0014462013148151575,Permutation importance (test RMSE),343
AD,XGBoost,total_cholesterol_mean,-0.0021436878450919322,0.0012856226084254254,Permutation importance (test RMSE),344
AD,XGBoost,casi_mental_manipulation_min,-0.0024282979274718062,0.002268291334658462,Permutation importance (test RMSE),345
AD,XGBoost,ldl_max,-0.0026240981979264917,0.001317952683005225,Permutation importance (test RMSE),346
AD,XGBoost,triglyceride_last,-0.004197216298209095,0.002927174058348696,Permutation importance (test RMSE),347
CU,Random Forest,mmse_last,0.008691973662773684,0.009351085401521422,Permutation importance (test RMSE),1
CU,Random Forest,education_last,0.006962008887984694,0.003621408326632453,Permutation importance (test RMSE),2
CU,Random Forest,education_max,0.0059456713389055005,0.0034564487342076187,Permutation importance (test RMSE),3
CU,Random Forest,education_mean,0.005658736422624688,0.004179101373343237,Permutation importance (test RMSE),4
CU,Random Forest,apoe_missing_min,0.0048561233892870145,0.006353877030850541,Permutation importance (test RMSE),5
CU,Random Forest,education_min,0.004585342032371487,0.003573427235273401,Permutation importance (test RMSE),6
CU,Random Forest,mmse_mean,0.0038370677445674515,0.004356071794401779,Permutation importance (test RMSE),7
CU,Random Forest,apoe4_count_min,0.0038060244157469224,0.00521796110653526,Permutation importance (test RMSE),8
CU,Random Forest,apoe_missing_max,0.003402288145526461,0.004100632263676377,Permutation importance (test RMSE),9
CU,Random Forest,apoe_missing_mean,0.0022691499303557463,0.0033592820076623156,Permutation importance (test RMSE),10
CU,Random Forest,apoe4_count_last,0.002124807031713816,0.0028539096139983348,Permutation importance (test RMSE),11
CU,Random Forest,apoe_missing_last,0.0019214752591149465,0.0031441209399889506,Permutation importance (test RMSE),12
CU,Random Forest,triglyceride_std,0.0017470835443723631,0.0014533806230818134,Permutation importance (test RMSE),13
CU,Random Forest,apoe4_count_max,0.001208439721194754,0.0026880504026087445,Permutation importance (test RMSE),14
CU,Random Forest,apoe4_count_mean,0.0012002759156225285,0.0028922942034066406,Permutation importance (test RMSE),15
CU,Random Forest,mmse_min,0.001017816506348207,0.004151726427441786,Permutation importance (test RMSE),16
CU,Random Forest,vldl_last,0.0009785815622318783,0.001312422143956631,Permutation importance (test RMSE),17
CU,Random Forest,casi_short_term_memory_max,0.0009139137309545798,0.0008726560912558188,Permutation importance (test RMSE),18
CU,Random Forest,casi_abstraction_mean,0.0007894831519790313,0.0005939577060127657,Permutation importance (test RMSE),19
CU,Random Forest,vldl_std,0.0007520735317180227,0.0006655580120858833,Permutation importance (test RMSE),20
CU,Random Forest,fasting_glucose_gap_days_log_missing_mean,0.0007228243797689826,0.0004927258679290333,Permutation importance (test RMSE),21
CU,Random Forest,vldl_gap_days_log_max,0.0006953799813363525,0.00039435608642811624,Permutation importance (test RMSE),22
CU,Random Forest,hdl_min,0.0006443163173719735,0.00269122130859292,Permutation importance (test RMSE),23
CU,Random Forest,mmse_max,0.0004951026698507277,0.0011632815906788537,Permutation importance (test RMSE),24
CU,Random Forest,hba1c_gap_days_log_max,0.0004828949959472306,0.0007798361443215134,Permutation importance (test RMSE),25
CU,Random Forest,age_first_mmse_last,0.00045462987579097394,0.005751452049013104,Permutation importance (test RMSE),26
CU,Random Forest,triglyceride_gap_days_log_std,0.00044591777949791743,0.0006781623218423495,Permutation importance (test RMSE),27
CU,Random Forest,hba1c_max,0.00043296518625214885,0.0010522050209998159,Permutation importance (test RMSE),28
CU,Random Forest,hdl_missing_last,0.0004189205324913736,0.00032884983472214826,Permutation importance (test RMSE),29
CU,Random Forest,triglyceride_mean,0.0004060851962202572,0.00046504863814446357,Permutation importance (test RMSE),30
CU,Random Forest,fasting_glucose_missing_mean,0.00040598044269651303,0.00025625874704707994,Permutation importance (test RMSE),31
CU,Random Forest,days_since_casi_missing_min,0.0003992617306778745,0.0003259901634092896,Permutation importance (test RMSE),32
CU,Random Forest,casi_mental_manipulation_max,0.0003942737537216301,0.0004042417837020578,Permutation importance (test RMSE),33
CU,Random Forest,casi_attention_min,0.00038591726233649926,0.0004156570778261611,Permutation importance (test RMSE),34
CU,Random Forest,fasting_glucose_min,0.0003590785692338838,0.00026188727410849603,Permutation importance (test RMSE),35
CU,Random Forest,hdl_gap_days_log_std,0.0003528506859435343,0.0006025892795978399,Permutation importance (test RMSE),36
CU,Random Forest,ldl_gap_days_log_missing_min,0.00034535811660936776,0.000222904942003068,Permutation importance (test RMSE),37
CU,Random Forest,casi_verbal_fluency_missing_std,0.0003288630841241036,0.00018375698392856087,Permutation importance (test RMSE),38
CU,Random Forest,casi_attention_missing_std,0.00032558853596016956,0.0002390219270205235,Permutation importance (test RMSE),39
CU,Random Forest,casi_mental_manipulation_missing_min,0.0003171899375410181,0.0008005071586846027,Permutation importance (test RMSE),40
CU,Random Forest,hdl_max,0.00029240322108876616,0.0014446516187391959,Permutation importance (test RMSE),41
CU,Random Forest,total_cholesterol_gap_days_log_std,0.0002708965988445611,0.0005002887102703319,Permutation importance (test RMSE),42
CU,Random Forest,hdl_last,0.00025950526577021014,0.002184431554115823,Permutation importance (test RMSE),43
CU,Random Forest,casi_short_term_memory_last,0.0002535618862082589,0.00019153577686950119,Permutation importance (test RMSE),44
CU,Random Forest,ldl_gap_days_log_std,0.00024816410472001114,0.0002737004274405979,Permutation importance (test RMSE),45
CU,Random Forest,casi_language_missing_std,0.0002246153266212636,0.000425860193574379,Permutation importance (test RMSE),46
CU,Random Forest,ldl_missing_max,0.00022061687982105616,0.00017306792758541609,Permutation importance (test RMSE),47
CU,Random Forest,casi_attention_std,0.00021006236202226748,0.00083614917247439,Permutation importance (test RMSE),48
CU,Random Forest,casi_orientation_missing_std,0.00020696027249986204,0.0005113766826148745,Permutation importance (test RMSE),49
CU,Random Forest,total_cholesterol_gap_days_log_missing_mean,0.0001995218194509596,0.00013714555773850894,Permutation importance (test RMSE),50
CU,Random Forest,hba1c_min,0.0001649150961784307,0.00023840487190133605,Permutation importance (test RMSE),51
CU,Random Forest,triglyceride_gap_days_log_missing_mean,0.00013519057431409797,0.00019102688452217353,Permutation importance (test RMSE),52
CU,Random Forest,casi_language_last,0.00013389743670455534,0.0003545440176323315,Permutation importance (test RMSE),53
CU,Random Forest,hba1c_missing_mean,0.0001270540738847026,0.0002825056941406774,Permutation importance (test RMSE),54
CU,Random Forest,casi_abstraction_missing_std,0.00012680380704970795,0.00023775720759836724,Permutation importance (test RMSE),55
CU,Random Forest,casi_mental_manipulation_missing_mean,0.00012081915667224718,0.0009548946098514432,Permutation importance (test RMSE),56
CU,Random Forest,casi_language_std,0.00010668935762392362,0.00024925901146699054,Permutation importance (test RMSE),57
CU,Random Forest,vldl_gap_days_log_missing_max,8.768221668451482e-05,0.0001825875830661477,Permutation importance (test RMSE),58
CU,Random Forest,fasting_glucose_last,8.424008748944556e-05,0.0006694086823834691,Permutation importance (test RMSE),59
CU,Random Forest,ldl_missing_last,7.396953881349532e-05,5.437603949258985e-05,Permutation importance (test RMSE),60
CU,Random Forest,hdl_gap_days_log_missing_last,7.360884629618037e-05,6.891178167457613e-05,Permutation importance (test RMSE),61
CU,Random Forest,vldl_gap_days_log_missing_last,5.3439974214125605e-05,0.00012769752409985024,Permutation importance (test RMSE),62
CU,Random Forest,vldl_max,4.377712802390854e-05,0.0007281817589566398,Permutation importance (test RMSE),63
CU,Random Forest,casi_language_mean,3.553122883255266e-05,0.0003817176176773018,Permutation importance (test RMSE),64
CU,Random Forest,casi_language_min,3.55013308955765e-05,0.00044776141169811264,Permutation importance (test RMSE),65
CU,Random Forest,casi_mental_manipulation_missing_std,3.521016206797234e-05,0.00017949433731073852,Permutation importance (test RMSE),66
CU,Random Forest,fasting_glucose_gap_days_log_missing_std,7.771561172376095e-17,5.087681048627601e-17,Permutation importance (test RMSE),67
CU,Random Forest,cdr_home_hobbies_min,6.661338147750939e-17,5.438959822042074e-17,Permutation importance (test RMSE),68
CU,Random Forest,hba1c_gap_days_log_missing_min,6.106226635438361e-17,5.523289809442721e-17,Permutation importance (test RMSE),69
CU,Random Forest,cdr_community_mean,6.106226635438361e-17,5.5232898094427217e-17,Permutation importance (test RMSE),70
CU,Random Forest,diabetes_std,6.106226635438361e-17,5.523289809442721e-17,Permutation importance (test RMSE),71
CU,Random Forest,days_since_casi_std,6.106226635438361e-17,5.523289809442721e-17,Permutation importance (test RMSE),72
CU,Random Forest,cdr_community_max,6.106226635438361e-17,5.523289809442721e-17,Permutation importance (test RMSE),73
CU,Random Forest,triglyceride_gap_days_log_min,6.106226635438361e-17,5.5232898094427217e-17,Permutation importance (test RMSE),74
CU,Random Forest,fasting_glucose_gap_days_log_min,5.551115123125783e-17,5.551115123125783e-17,Permutation importance (test RMSE),75
CU,Random Forest,cdr_community_last,5.551115123125783e-17,5.551115123125783e-17,Permutation importance (test RMSE),76
CU,Random Forest,cdr_orientation_std,5.551115123125783e-17,5.551115123125783e-17,Permutation importance (test RMSE),77
CU,Random Forest,cdr_global_min,5.551115123125783e-17,5.551115123125783e-17,Permutation importance (test RMSE),78
CU,Random Forest,casi_long_term_memory_mean,5.551115123125783e-17,5.551115123125783e-17,Permutation importance (test RMSE),79
CU,Random Forest,casi_orientation_max,5.551115123125783e-17,5.551115123125783e-17,Permutation importance (test RMSE),80
CU,Random Forest,casi_drawing_last,5.551115123125783e-17,5.551115123125783e-17,Permutation importance (test RMSE),81
CU,Random Forest,gender_std,4.9960036108132046e-17,5.523289809442722e-17,Permutation importance (test RMSE),82
CU,Random Forest,apoe_missing_std,4.9960036108132046e-17,5.5232898094427217e-17,Permutation importance (test RMSE),83
CU,Random Forest,cdr_orientation_max,4.9960036108132046e-17,5.523289809442722e-17,Permutation importance (test RMSE),84
CU,Random Forest,triglyceride_missing_mean,4.9960036108132046e-17,5.5232898094427217e-17,Permutation importance (test RMSE),85
CU,Random Forest,hba1c_missing_std,4.9960036108132046e-17,5.5232898094427217e-17,Permutation importance (test RMSE),86
CU,Random Forest,cdr_judgment_last,4.9960036108132046e-17,5.5232898094427217e-17,Permutation importance (test RMSE),87
CU,Random Forest,hba1c_gap_days_log_min,4.9960036108132046e-17,5.523289809442722e-17,Permutation importance (test RMSE),88
CU,Random Forest,cdr_judgment_std,4.9960036108132046e-17,5.523289809442722e-17,Permutation importance (test RMSE),89
CU,Random Forest,triglyceride_gap_days_log_missing_std,4.9960036108132046e-17,5.5232898094427217e-17,Permutation importance (test RMSE),90
CU,Random Forest,cdr_personal_care_std,4.9960036108132046e-17,5.523289809442722e-17,Permutation importance (test RMSE),91
CU,Random Forest,vldl_gap_days_log_min,4.9960036108132046e-17,5.523289809442721e-17,Permutation importance (test RMSE),92
CU,Random Forest,hypertension_std,4.9960036108132046e-17,5.5232898094427217e-17,Permutation importance (test RMSE),93
CU,Random Forest,visit_gap_log_min,4.4408920985006264e-17,5.438959822042074e-17,Permutation importance (test RMSE),94
CU,Random Forest,fasting_glucose_missing_std,4.4408920985006264e-17,5.438959822042074e-17,Permutation importance (test RMSE),95
CU,Random Forest,hba1c_gap_days_log_missing_std,4.4408920985006264e-17,5.4389598220420744e-17,Permutation importance (test RMSE),96
CU,Random Forest,vldl_missing_std,4.4408920985006264e-17,5.438959822042074e-17,Permutation importance (test RMSE),97
CU,Random Forest,casi_orientation_last,4.4408920985006264e-17,5.438959822042074e-17,Permutation importance (test RMSE),98
CU,Random Forest,days_since_casi_last,4.4408920985006264e-17,5.438959822042074e-17,Permutation importance (test RMSE),99
CU,Random Forest,casi_drawing_max,4.4408920985006264e-17,5.438959822042074e-17,Permutation importance (test RMSE),100
CU,Random Forest,casi_long_term_memory_max,4.4408920985006264e-17,5.438959822042074e-17,Permutation importance (test RMSE),101
CU,Random Forest,days_since_casi_max,4.4408920985006264e-17,5.438959822042074e-17,Permutation importance (test RMSE),102
CU,Random Forest,cdr_personal_care_max,4.4408920985006264e-17,5.438959822042074e-17,Permutation importance (test RMSE),103
CU,Random Forest,cdr_community_min,4.4408920985006264e-17,5.438959822042074e-17,Permutation importance (test RMSE),104
CU,Random Forest,cdr_sob_min,4.4408920985006264e-17,5.438959822042074e-17,Permutation importance (test RMSE),105
CU,Random Forest,cdr_home_hobbies_max,4.4408920985006264e-17,5.438959822042074e-17,Permutation importance (test RMSE),106
CU,Random Forest,total_cholesterol_gap_days_log_min,4.4408920985006264e-17,5.438959822042074e-17,Permutation importance (test RMSE),107
CU,Random Forest,cdr_global_last,3.8857805861880476e-17,5.29542632752814e-17,Permutation importance (test RMSE),108
CU,Random Forest,hdl_gap_days_log_missing_std,3.8857805861880476e-17,5.295426327528139e-17,Permutation importance (test RMSE),109
CU,Random Forest,cdr_memory_last,3.8857805861880476e-17,5.295426327528139e-17,Permutation importance (test RMSE),110
CU,Random Forest,cdr_personal_care_mean,3.8857805861880476e-17,5.2954263275281385e-17,Permutation importance (test RMSE),111
CU,Random Forest,triglyceride_missing_std,3.8857805861880476e-17,5.29542632752814e-17,Permutation importance (test RMSE),112
CU,Random Forest,cdr_orientation_mean,3.8857805861880476e-17,5.295426327528139e-17,Permutation importance (test RMSE),113
CU,Random Forest,cdr_sob_last,3.8857805861880476e-17,5.2954263275281385e-17,Permutation importance (test RMSE),114
CU,Random Forest,cdr_home_hobbies_last,3.8857805861880476e-17,5.2954263275281385e-17,Permutation importance (test RMSE),115
CU,Random Forest,days_since_casi_min,3.8857805861880476e-17,5.29542632752814e-17,Permutation importance (test RMSE),116
CU,Random Forest,cdr_judgment_min,3.8857805861880476e-17,5.295426327528139e-17,Permutation importance (test RMSE),117
CU,Random Forest,hdl_missing_std,3.3306690738754695e-17,5.087681048627601e-17,Permutation importance (test RMSE),118
CU,Random Forest,vldl_gap_days_log_missing_std,3.3306690738754695e-17,5.087681048627601e-17,Permutation importance (test RMSE),119
CU,Random Forest,apoe4_count_std,3.3306690738754695e-17,5.087681048627601e-17,Permutation importance (test RMSE),120
CU,Random Forest,total_cholesterol_missing_std,3.3306690738754695e-17,5.087681048627601e-17,Permutation importance (test RMSE),121
CU,Random Forest,cdr_judgment_mean,3.3306690738754695e-17,5.087681048627601e-17,Permutation importance (test RMSE),122
CU,Random Forest,education_std,3.3306690738754695e-17,5.087681048627601e-17,Permutation importance (test RMSE),123
CU,Random Forest,ldl_gap_days_log_min,3.3306690738754695e-17,5.087681048627601e-17,Permutation importance (test RMSE),124
CU,Random Forest,cdr_judgment_max,3.3306690738754695e-17,5.087681048627601e-17,Permutation importance (test RMSE),125
CU,Random Forest,casi_long_term_memory_std,3.3306690738754695e-17,5.087681048627601e-17,Permutation importance (test RMSE),126
CU,Random Forest,days_since_casi_mean,3.3306690738754695e-17,5.087681048627601e-17,Permutation importance (test RMSE),127
CU,Random Forest,total_cholesterol_gap_days_log_missing_std,3.3306690738754695e-17,5.087681048627601e-17,Permutation importance (test RMSE),128
CU,Random Forest,cdr_personal_care_last,3.3306690738754695e-17,5.087681048627601e-17,Permutation importance (test RMSE),129
CU,Random Forest,casi_long_term_memory_last,2.7755575615628914e-17,4.8074067159589095e-17,Permutation importance (test RMSE),130
CU,Random Forest,hdl_gap_days_log_min,2.7755575615628914e-17,4.8074067159589095e-17,Permutation importance (test RMSE),131
CU,Random Forest,cdr_community_std,2.7755575615628914e-17,4.8074067159589095e-17,Permutation importance (test RMSE),132
CU,Random Forest,cdr_home_hobbies_mean,2.7755575615628914e-17,4.8074067159589095e-17,Permutation importance (test RMSE),133
CU,Random Forest,hyperlipidemia_std,2.7755575615628914e-17,4.8074067159589095e-17,Permutation importance (test RMSE),134
CU,Random Forest,age_first_mmse_std,2.7755575615628914e-17,4.8074067159589095e-17,Permutation importance (test RMSE),135
CU,Random Forest,ldl_gap_days_log_missing_std,2.7755575615628914e-17,4.8074067159589095e-17,Permutation importance (test RMSE),136
CU,Random Forest,cdr_personal_care_min,2.2204460492503132e-17,4.440892098500627e-17,Permutation importance (test RMSE),137
CU,Random Forest,cdr_home_hobbies_std,2.2204460492503132e-17,4.440892098500627e-17,Permutation importance (test RMSE),138
CU,Random Forest,cdr_orientation_min,2.2204460492503132e-17,4.440892098500627e-17,Permutation importance (test RMSE),139
CU,Random Forest,ldl_missing_std,2.2204460492503132e-17,4.4408920985006264e-17,Permutation importance (test RMSE),140
CU,Random Forest,casi_long_term_memory_min,2.2204460492503132e-17,4.440892098500627e-17,Permutation importance (test RMSE),141
CU,Random Forest,cdr_memory_min,1.6653345369377347e-17,3.9642891350404606e-17,Permutation importance (test RMSE),142
CU,Random Forest,cdr_orientation_last,1.6653345369377347e-17,3.9642891350404606e-17,Permutation importance (test RMSE),143
CU,Random Forest,total_cholesterol_gap_days_log_missing_last,-1.9542215728529653e-06,9.458333963072018e-05,Permutation importance (test RMSE),144
CU,Random Forest,casi_orientation_min,-4.697214874765931e-06,1.882299505051445e-05,Permutation importance (test RMSE),145
CU,Random Forest,vldl_mean,-4.699448376321858e-06,0.0004952338699713284,Permutation importance (test RMSE),146
CU,Random Forest,fasting_glucose_gap_days_log_missing_max,-5.396364822829458e-06,0.00011566506854579435,Permutation importance (test RMSE),147
CU,Random Forest,vldl_min,-9.602405631997657e-06,0.00044827214204220893,Permutation importance (test RMSE),148
CU,Random Forest,hba1c_missing_min,-1.1171340630550252e-05,7.86712730857626e-05,Permutation importance (test RMSE),149
CU,Random Forest,casi_short_term_memory_missing_std,-1.5246608265750972e-05,0.00011343912709269265,Permutation importance (test RMSE),150
CU,Random Forest,ldl_missing_min,-1.937764154923416e-05,0.00015080754522232818,Permutation importance (test RMSE),151
CU,Random Forest,ldl_gap_days_log_missing_max,-1.974526507704244e-05,2.161076333021087e-05,Permutation importance (test RMSE),152
CU,Random Forest,ldl_gap_days_log_missing_mean,-2.0994353179643045e-05,0.0003863538347774593,Permutation importance (test RMSE),153
CU,Random Forest,vldl_gap_days_log_missing_min,-2.986548326066596e-05,5.973096652142906e-05,Permutation importance (test RMSE),154
CU,Random Forest,casi_verbal_fluency_min,-3.535153257904766e-05,0.0006902854949035607,Permutation importance (test RMSE),155
CU,Random Forest,hdl_missing_mean,-3.6483782830776246e-05,0.0001838490237971358,Permutation importance (test RMSE),156
CU,Random Forest,casi_language_max,-3.786941803783361e-05,0.00016974016449516937,Permutation importance (test RMSE),157
CU,Random Forest,casi_orientation_missing_mean,-4.361589626436513e-05,0.0004202796881581633,Permutation importance (test RMSE),158
CU,Random Forest,triglyceride_gap_days_log_missing_min,-5.1593159182505846e-05,5.97337536197154e-05,Permutation importance (test RMSE),159
CU,Random Forest,hba1c_gap_days_log_missing_max,-5.932279303388355e-05,0.00013639915872311087,Permutation importance (test RMSE),160
CU,Random Forest,casi_abstraction_missing_max,-6.603891290685171e-05,0.0005008795315237135,Permutation importance (test RMSE),161
CU,Random Forest,has_recent_casi_std,-6.792313510272651e-05,0.00020461934717955197,Permutation importance (test RMSE),162
CU,Random Forest,ldl_gap_days_log_missing_last,-7.330736137523553e-05,6.437870106919478e-05,Permutation importance (test RMSE),163
CU,Random Forest,triglyceride_gap_days_log_missing_max,-7.664999620306534e-05,0.00021244870198434504,Permutation importance (test RMSE),164
CU,Random Forest,hba1c_missing_max,-9.582219856569263e-05,0.00018998132674614808,Permutation importance (test RMSE),165
CU,Random Forest,total_cholesterol_missing_min,-9.617269314686761e-05,0.00015382385562744098,Permutation importance (test RMSE),166
CU,Random Forest,total_cholesterol_gap_days_log_missing_min,-0.00010580399038588317,8.638859639861761e-05,Permutation importance (test RMSE),167
CU,Random Forest,total_cholesterol_missing_mean,-0.00010655279347287493,0.00012293396766997782,Permutation importance (test RMSE),168
CU,Random Forest,age_first_mmse_max,-0.0001271750043769726,0.006151299365989858,Permutation importance (test RMSE),169
CU,Random Forest,fasting_glucose_gap_days_log_missing_last,-0.0001307259992588905,0.00011994431344637857,Permutation importance (test RMSE),170
CU,Random Forest,vldl_missing_min,-0.00013536956658796173,8.067749106828655e-05,Permutation importance (test RMSE),171
CU,Random Forest,total_cholesterol_missing_last,-0.00014370200859948335,0.00018498340835441742,Permutation importance (test RMSE),172
CU,Random Forest,triglyceride_missing_min,-0.00015033750777916356,0.000244656178345714,Permutation importance (test RMSE),173
CU,Random Forest,triglyceride_missing_max,-0.00016620324341686253,0.00017537693610634672,Permutation importance (test RMSE),174
CU,Random Forest,casi_mental_manipulation_min,-0.0001680790151802336,0.00019510167834145618,Permutation importance (test RMSE),175
CU,Random Forest,fasting_glucose_missing_min,-0.0001712862426035744,0.00015985586670940241,Permutation importance (test RMSE),176
CU,Random Forest,fasting_glucose_gap_days_log_missing_min,-0.00017128624260357995,0.00015985586670940868,Permutation importance (test RMSE),177
CU,Random Forest,ldl_missing_mean,-0.0001712919736819696,0.0001829683541526003,Permutation importance (test RMSE),178
CU,Random Forest,vldl_missing_mean,-0.00017444775719429594,0.00010136976498210193,Permutation importance (test RMSE),179
CU,Random Forest,fasting_glucose_gap_days_log_std,-0.00017634592331732256,0.000676944145335659,Permutation importance (test RMSE),180
CU,Random Forest,casi_orientation_std,-0.00018539051830826492,0.00031555222255246043,Permutation importance (test RMSE),181
CU,Random Forest,vldl_gap_days_log_last,-0.00019183001679846657,0.0009316427319244296,Permutation importance (test RMSE),182
CU,Random Forest,total_cholesterol_missing_max,-0.0001965384915591617,0.0001493167026063489,Permutation importance (test RMSE),183
CU,Random Forest,vldl_gap_days_log_mean,-0.0001995723524239712,0.00045445726537802166,Permutation importance (test RMSE),184
CU,Random Forest,triglyceride_max,-0.00022752366305267002,0.0008135992191335023,Permutation importance (test RMSE),185
CU,Random Forest,fasting_glucose_gap_days_log_mean,-0.0002328927484440524,0.00046041371645154567,Permutation importance (test RMSE),186
CU,Random Forest,casi_total_mean,-0.00026963129749659197,0.0005823674393973979,Permutation importance (test RMSE),187
CU,Random Forest,hdl_gap_days_log_missing_max,-0.0002733459746402045,0.0002162731123906276,Permutation importance (test RMSE),188
CU,Random Forest,hba1c_gap_days_log_missing_mean,-0.0002741156080760587,0.00020655612361938385,Permutation importance (test RMSE),189
CU,Random Forest,casi_long_term_memory_missing_std,-0.0002764681202864272,0.00036183050161788443,Permutation importance (test RMSE),190
CU,Random Forest,casi_abstraction_last,-0.00027855562370126543,0.000700680760311852,Permutation importance (test RMSE),191
CU,Random Forest,casi_drawing_mean,-0.0002807342848418326,0.0007118949145919495,Permutation importance (test RMSE),192
CU,Random Forest,hba1c_gap_days_log_mean,-0.000290001634015552,0.00021071982194623248,Permutation importance (test RMSE),193
CU,Random Forest,hba1c_last,-0.00029093998638660135,0.0006438548462120075,Permutation importance (test RMSE),194
CU,Random Forest,days_since_casi_missing_std,-0.0003047874301950304,0.00032141845683896706,Permutation importance (test RMSE),195
CU,Random Forest,triglyceride_gap_days_log_missing_last,-0.0003110838501559132,0.00014432644235970972,Permutation importance (test RMSE),196
CU,Random Forest,casi_total_missing_std,-0.00032285608474010854,0.00043089149274107573,Permutation importance (test RMSE),197
CU,Random Forest,fasting_glucose_missing_max,-0.00032409868171400793,0.00035103964616004776,Permutation importance (test RMSE),198
CU,Random Forest,hba1c_gap_days_log_missing_last,-0.000326927415422662,0.00022365964449417962,Permutation importance (test RMSE),199
CU,Random Forest,hdl_gap_days_log_missing_min,-0.00033467499979971115,0.000354848893543125,Permutation importance (test RMSE),200
CU,Random Forest,vldl_gap_days_log_std,-0.0003481107971924524,0.0002658691995391494,Permutation importance (test RMSE),201
CU,Random Forest,casi_mental_manipulation_last,-0.00034966889920747814,0.0002971055269808763,Permutation importance (test RMSE),202
CU,Random Forest,hdl_missing_max,-0.0003535927018880891,0.00027862737187012,Permutation importance (test RMSE),203
CU,Random Forest,casi_drawing_missing_std,-0.000354794782062573,0.0005431101624654691,Permutation importance (test RMSE),204
CU,Random Forest,hdl_missing_min,-0.00035821028800756547,0.0004829971882634958,Permutation importance (test RMSE),205
CU,Random Forest,triglyceride_gap_days_log_last,-0.000371319100262163,0.000856175104175281,Permutation importance (test RMSE),206
CU,Random Forest,total_cholesterol_mean,-0.00038292136184119306,0.0032900484108488474,Permutation importance (test RMSE),207
CU,Random Forest,casi_attention_missing_last,-0.0003918270133423052,0.0005615213147877181,Permutation importance (test RMSE),208
CU,Random Forest,hba1c_gap_days_log_std,-0.0003990362511872902,0.00047308909578925554,Permutation importance (test RMSE),209
CU,Random Forest,casi_total_missing_last,-0.0003993385350016254,0.0010733565742173001,Permutation importance (test RMSE),210
CU,Random Forest,fasting_glucose_gap_days_log_max,-0.00040425042498064,0.00027407986248701235,Permutation importance (test RMSE),211
CU,Random Forest,total_cholesterol_gap_days_log_mean,-0.00041678481982113655,0.00034978744891361164,Permutation importance (test RMSE),212
CU,Random Forest,triglyceride_missing_last,-0.00042361906253058913,0.00023731370469094694,Permutation importance (test RMSE),213
CU,Random Forest,hdl_gap_days_log_missing_mean,-0.0004256016956403652,0.0003507495616086305,Permutation importance (test RMSE),214
CU,Random Forest,total_cholesterol_gap_days_log_missing_max,-0.00042806525819242267,0.0003773352654892859,Permutation importance (test RMSE),215
CU,Random Forest,casi_verbal_fluency_std,-0.00043427190253991224,0.0006719299653565299,Permutation importance (test RMSE),216
CU,Random Forest,casi_orientation_missing_last,-0.0004396238187602264,0.0015836365052964258,Permutation importance (test RMSE),217
CU,Random Forest,fasting_glucose_max,-0.00046631918444067777,0.0010678679133296735,Permutation importance (test RMSE),218
CU,Random Forest,casi_attention_last,-0.0004679965252363083,0.0002573998222961538,Permutation importance (test RMSE),219
CU,Random Forest,hba1c_missing_last,-0.0004754944252488291,0.00022396570711567343,Permutation importance (test RMSE),220
CU,Random Forest,casi_abstraction_std,-0.0004837605859098204,0.0005972946749218313,Permutation importance (test RMSE),221
CU,Random Forest,casi_drawing_missing_max,-0.0005003119674471146,0.0005810511090160047,Permutation importance (test RMSE),222
CU,Random Forest,casi_short_term_memory_missing_max,-0.0005022261510602144,0.00043419717311729675,Permutation importance (test RMSE),223
CU,Random Forest,vldl_gap_days_log_missing_mean,-0.0005059413097473264,0.0003214268143185761,Permutation importance (test RMSE),224
CU,Random Forest,casi_abstraction_min,-0.000527141842606127,0.00024390429335444612,Permutation importance (test RMSE),225
CU,Random Forest,casi_mental_manipulation_missing_last,-0.0005512824742187061,0.0005053545065216641,Permutation importance (test RMSE),226
CU,Random Forest,ldl_std,-0.0005707366917579615,0.0003753767736006649,Permutation importance (test RMSE),227
CU,Random Forest,has_recent_casi_min,-0.0005727390099592999,0.0005729487985550488,Permutation importance (test RMSE),228
CU,Random Forest,vldl_missing_max,-0.0005740216060109271,0.0003248597908611868,Permutation importance (test RMSE),229
CU,Random Forest,vldl_missing_last,-0.0005799952302097233,0.0003713181373635346,Permutation importance (test RMSE),230
CU,Random Forest,casi_total_missing_max,-0.000622648692538863,0.0005578224950827389,Permutation importance (test RMSE),231
CU,Random Forest,casi_verbal_fluency_max,-0.0006431013010741338,0.0007155474914941375,Permutation importance (test RMSE),232
CU,Random Forest,casi_mental_manipulation_std,-0.0006529369137165675,0.0002870814368695377,Permutation importance (test RMSE),233
CU,Random Forest,casi_language_missing_max,-0.000658915160840734,0.0006072345379749776,Permutation importance (test RMSE),234
CU,Random Forest,casi_long_term_memory_missing_max,-0.0006613208235733581,0.0006541061374993235,Permutation importance (test RMSE),235
CU,Random Forest,total_cholesterol_gap_days_log_max,-0.0006641240628525724,0.0004509210447030995,Permutation importance (test RMSE),236
CU,Random Forest,days_since_casi_missing_max,-0.0006810869948334297,0.0004649119529904843,Permutation importance (test RMSE),237
CU,Random Forest,casi_verbal_fluency_last,-0.0006819952406152963,0.0004561907049141209,Permutation importance (test RMSE),238
CU,Random Forest,casi_mental_manipulation_mean,-0.0007002497051614986,0.0005014141345214505,Permutation importance (test RMSE),239
CU,Random Forest,hdl_gap_days_log_last,-0.0007147304233811769,0.0008542840627385716,Permutation importance (test RMSE),240
CU,Random Forest,triglyceride_gap_days_log_max,-0.0007192668402400737,0.0008964220725223588,Permutation importance (test RMSE),241
CU,Random Forest,ldl_gap_days_log_max,-0.0007301179118475443,0.0003308275311927322,Permutation importance (test RMSE),242
CU,Random Forest,casi_drawing_std,-0.0007452243886043874,0.002238621692157643,Permutation importance (test RMSE),243
CU,Random Forest,hdl_std,-0.0007466567306279592,0.000622266119342578,Permutation importance (test RMSE),244
CU,Random Forest,total_cholesterol_gap_days_log_last,-0.0007529726987732021,0.0010352616257118716,Permutation importance (test RMSE),245
CU,Random Forest,casi_verbal_fluency_mean,-0.0007884294715998497,0.0005807640987850033,Permutation importance (test RMSE),246
CU,Random Forest,fasting_glucose_std,-0.0007898986292054988,0.0009320724135449264,Permutation importance (test RMSE),247
CU,Random Forest,hdl_mean,-0.0008132672756683612,0.0023552835841614715,Permutation importance (test RMSE),248
CU,Random Forest,casi_mental_manipulation_missing_max,-0.000839683667022173,0.0008151892619316369,Permutation importance (test RMSE),249
CU,Random Forest,casi_language_missing_last,-0.000844950444968734,0.0006018633434433018,Permutation importance (test RMSE),250
CU,Random Forest,casi_attention_missing_min,-0.0009312731171312982,0.00046429320338660634,Permutation importance (test RMSE),251
CU,Random Forest,casi_drawing_missing_last,-0.0009593112666376579,0.0006487401641185099,Permutation importance (test RMSE),252
CU,Random Forest,fasting_glucose_missing_last,-0.0009765271192448078,0.0005187998345666251,Permutation importance (test RMSE),253
CU,Random Forest,casi_abstraction_max,-0.0009898936573200013,0.0007776962252401081,Permutation importance (test RMSE),254
CU,Random Forest,casi_verbal_fluency_missing_last,-0.0010119484098069953,0.0005440777074519561,Permutation importance (test RMSE),255
CU,Random Forest,casi_orientation_mean,-0.001015969507031983,0.0023749517692054347,Permutation importance (test RMSE),256
CU,Random Forest,days_since_casi_missing_last,-0.0010342894639664257,0.00057258511124676,Permutation importance (test RMSE),257
CU,Random Forest,hdl_gap_days_log_max,-0.0010432801285014336,0.000579607967511446,Permutation importance (test RMSE),258
CU,Random Forest,casi_short_term_memory_missing_last,-0.0010756488797515284,0.0006700312697017155,Permutation importance (test RMSE),259
CU,Random Forest,casi_total_std,-0.0011178793128455821,0.0013476675023668218,Permutation importance (test RMSE),260
CU,Random Forest,has_recent_casi_last,-0.0011375166542579695,0.0007270826556664446,Permutation importance (test RMSE),261
CU,Random Forest,casi_attention_max,-0.0011398037776279234,0.0006011295980427495,Permutation importance (test RMSE),262
CU,Random Forest,triglyceride_last,-0.0011624340004511569,0.0004716601336251337,Permutation importance (test RMSE),263
CU,Random Forest,hba1c_mean,-0.001177582943197686,0.001152327440403168,Permutation importance (test RMSE),264
CU,Random Forest,casi_total_min,-0.001178213977248721,0.0004366118778648382,Permutation importance (test RMSE),265
CU,Random Forest,casi_attention_missing_max,-0.0011823032875809213,0.0007042843673571076,Permutation importance (test RMSE),266
CU,Random Forest,casi_long_term_memory_missing_last,-0.0012006405875074234,0.0006983092042714106,Permutation importance (test RMSE),267
CU,Random Forest,casi_short_term_memory_missing_min,-0.0012007762276868672,0.0009986512792037763,Permutation importance (test RMSE),268
CU,Random Forest,casi_attention_mean,-0.001223540207692947,0.0012719913493017632,Permutation importance (test RMSE),269
CU,Random Forest,ldl_gap_days_log_mean,-0.001255115291813841,0.0005786968380286989,Permutation importance (test RMSE),270
CU,Random Forest,casi_total_max,-0.0012571587714068021,0.0007895249709040237,Permutation importance (test RMSE),271
CU,Random Forest,hdl_gap_days_log_mean,-0.0012933952922582815,0.0007747741350631835,Permutation importance (test RMSE),272
CU,Random Forest,casi_drawing_missing_mean,-0.0013109679423510211,0.0010083953942090637,Permutation importance (test RMSE),273
CU,Random Forest,casi_drawing_min,-0.00131385335678732,0.0008208155842697919,Permutation importance (test RMSE),274
CU,Random Forest,casi_language_missing_min,-0.0013434788901736604,0.0007939570640576323,Permutation importance (test RMSE),275
CU,Random Forest,casi_verbal_fluency_missing_min,-0.0014065443475147876,0.0009552703013994442,Permutation importance (test RMSE),276
CU,Random Forest,casi_verbal_fluency_missing_max,-0.0014101596058860965,0.0008303355190702066,Permutation importance (test RMSE),277
CU,Random Forest,casi_attention_missing_mean,-0.0014216423529663457,0.0009692289735706595,Permutation importance (test RMSE),278
CU,Random Forest,cdr_global_mean,-0.001431896779188735,0.003080410773976013,Permutation importance (test RMSE),279
CU,Random Forest,cdr_sob_mean,-0.0014852847894733013,0.003129370940142569,Permutation importance (test RMSE),280
CU,Random Forest,ldl_gap_days_log_last,-0.0015123740106826322,0.0018884580284563542,Permutation importance (test RMSE),281
CU,Random Forest,triglyceride_gap_days_log_mean,-0.001517413799772338,0.0006917553946034673,Permutation importance (test RMSE),282
CU,Random Forest,casi_total_last,-0.0015174694224878993,0.0009475475729173435,Permutation importance (test RMSE),283
CU,Random Forest,casi_long_term_memory_missing_mean,-0.0015512355925147048,0.000990204155725833,Permutation importance (test RMSE),284
CU,Random Forest,cdr_sob_max,-0.0016245835680847754,0.001426797198584351,Permutation importance (test RMSE),285
CU,Random Forest,has_recent_casi_max,-0.001626812579164988,0.0008150517144094174,Permutation importance (test RMSE),286
CU,Random Forest,cdr_memory_max,-0.0016610344150358835,0.002596505992756175,Permutation importance (test RMSE),287
CU,Random Forest,hba1c_gap_days_log_last,-0.00166786158561536,0.00198715741229261,Permutation importance (test RMSE),288
CU,Random Forest,hba1c_std,-0.0016730684545483265,0.0010310702753924205,Permutation importance (test RMSE),289
CU,Random Forest,days_since_casi_missing_mean,-0.001682460556236004,0.0009669979788556744,Permutation importance (test RMSE),290
CU,Random Forest,casi_long_term_memory_missing_min,-0.0016842703647690581,0.0014931233983240624,Permutation importance (test RMSE),291
CU,Random Forest,casi_total_missing_min,-0.0017070042742085012,0.0009761289112501,Permutation importance (test RMSE),292
CU,Random Forest,casi_drawing_missing_min,-0.0017387199009096022,0.0011478496034640364,Permutation importance (test RMSE),293
CU,Random Forest,casi_abstraction_missing_min,-0.0017416733838751864,0.0008345204075485817,Permutation importance (test RMSE),294
CU,Random Forest,casi_short_term_memory_mean,-0.001743523604304731,0.0011136613294994633,Permutation importance (test RMSE),295
CU,Random Forest,cdr_global_max,-0.001747524644088705,0.0029473863582585498,Permutation importance (test RMSE),296
CU,Random Forest,casi_verbal_fluency_missing_mean,-0.0017652439309261414,0.0010039232663707283,Permutation importance (test RMSE),297
CU,Random Forest,fasting_glucose_gap_days_log_last,-0.0017890883995820895,0.002419475954967051,Permutation importance (test RMSE),298
CU,Random Forest,total_cholesterol_max,-0.0018100791687413187,0.0035505672224112237,Permutation importance (test RMSE),299
CU,Random Forest,total_cholesterol_min,-0.0018546424762911017,0.004867421239993252,Permutation importance (test RMSE),300
CU,Random Forest,fasting_glucose_mean,-0.0019187119350327797,0.0010611978580443294,Permutation importance (test RMSE),301
CU,Random Forest,casi_abstraction_missing_mean,-0.001992631797796851,0.0013569576351615783,Permutation importance (test RMSE),302
CU,Random Forest,casi_abstraction_missing_last,-0.0020478748406958236,0.0013523215760047787,Permutation importance (test RMSE),303
CU,Random Forest,casi_language_missing_mean,-0.002079819779766445,0.0010217042544747213,Permutation importance (test RMSE),304
CU,Random Forest,casi_total_missing_mean,-0.0021248419059461733,0.0012625657676950217,Permutation importance (test RMSE),305
CU,Random Forest,age_first_mmse_min,-0.0021470210802677194,0.004699128704815858,Permutation importance (test RMSE),306
CU,Random Forest,cdr_sob_std,-0.0021769970593149613,0.0022272950376251775,Permutation importance (test RMSE),307
CU,Random Forest,casi_short_term_memory_missing_mean,-0.0022676317570966996,0.001357426218339728,Permutation importance (test RMSE),308
CU,Random Forest,gender_max,-0.00229835402168842,0.0014371607503774063,Permutation importance (test RMSE),309
CU,Random Forest,triglyceride_min,-0.002374230941636357,0.0016859032376645583,Permutation importance (test RMSE),310
CU,Random Forest,casi_short_term_memory_std,-0.0025159835124249795,0.0056739058589376536,Permutation importance (test RMSE),311
CU,Random Forest,diabetes_max,-0.0025451252586047744,0.003112735686361765,Permutation importance (test RMSE),312
CU,Random Forest,casi_orientation_missing_min,-0.002591803745919985,0.0014025815562377592,Permutation importance (test RMSE),313
CU,Random Forest,cdr_memory_std,-0.0026286270039664163,0.0031629406073044567,Permutation importance (test RMSE),314
CU,Random Forest,diabetes_mean,-0.002654719098031749,0.003965980588283696,Permutation importance (test RMSE),315
CU,Random Forest,ldl_mean,-0.002723407067408584,0.002281664208616724,Permutation importance (test RMSE),316
CU,Random Forest,cdr_memory_mean,-0.002801300597920153,0.0032727523777769333,Permutation importance (test RMSE),317
CU,Random Forest,casi_orientation_missing_max,-0.002966124790494845,0.001998888944922082,Permutation importance (test RMSE),318
CU,Random Forest,ldl_max,-0.0029821252884284664,0.0027340309868289134,Permutation importance (test RMSE),319
CU,Random Forest,has_recent_casi_mean,-0.0029967204162251295,0.001857497389345096,Permutation importance (test RMSE),320
CU,Random Forest,total_cholesterol_last,-0.0031171223022095906,0.0032497448306725,Permutation importance (test RMSE),321
CU,Random Forest,diabetes_min,-0.0032676410458003236,0.003335946203173032,Permutation importance (test RMSE),322
CU,Random Forest,casi_short_term_memory_min,-0.003456991223931877,0.0022821129064365827,Permutation importance (test RMSE),323
CU,Random Forest,cdr_global_std,-0.0034784109618790416,0.003111255272290609,Permutation importance (test RMSE),324
CU,Random Forest,diabetes_last,-0.003535213203773491,0.0035471182835053487,Permutation importance (test RMSE),325
CU,Random Forest,total_cholesterol_std,-0.003674879448715268,0.0025027616281049145,Permutation importance (test RMSE),326
CU,Random Forest,ldl_last,-0.003681255936319583,0.0036609677870700105,Permutation importance (test RMSE),327
CU,Random Forest,gender_min,-0.004252480717125607,0.0033777962887028166,Permutation importance (test RMSE),328
CU,Random Forest,gender_mean,-0.004358428856586094,0.0037568634591488613,Permutation importance (test RMSE),329
CU,Random Forest,age_first_mmse_mean,-0.004622553690036507,0.006619174342066598,Permutation importance (test RMSE),330
CU,Random Forest,gender_last,-0.004656705194206273,0.003508526780432533,Permutation importance (test RMSE),331
CU,Random Forest,hyperlipidemia_min,-0.005107030438673776,0.005054441021424048,Permutation importance (test RMSE),332
CU,Random Forest,hypertension_mean,-0.005318291980852441,0.005794524532207341,Permutation importance (test RMSE),333
CU,Random Forest,ldl_min,-0.005727934726999279,0.0030497901867985525,Permutation importance (test RMSE),334
CU,Random Forest,hypertension_last,-0.006551317227059722,0.006393402022985391,Permutation importance (test RMSE),335
CU,Random Forest,hyperlipidemia_mean,-0.007099965877742248,0.0060816348844160055,Permutation importance (test RMSE),336
CU,Random Forest,hyperlipidemia_max,-0.007548662723003358,0.0074038533470536655,Permutation importance (test RMSE),337
CU,Random Forest,hypertension_min,-0.008165854336092654,0.00849181558311869,Permutation importance (test RMSE),338
CU,Random Forest,hyperlipidemia_last,-0.008844124576079266,0.008622396379429971,Permutation importance (test RMSE),339
CU,Random Forest,hypertension_max,-0.009651209172359376,0.01075093677029513,Permutation importance (test RMSE),340
CU,Random Forest,mmse_std,-0.012473133578475326,0.012756841469248445,Permutation importance (test RMSE),341
CU,Random Forest,history_n_visits,-0.013577190434306552,0.011055574113464804,Permutation importance (test RMSE),342
CU,Random Forest,visit_gap_log_last,-0.019464283805702705,0.013987880985124289,Permutation importance (test RMSE),343
CU,Random Forest,visit_gap_log_max,-0.020846310666989054,0.014748467572682217,Permutation importance (test RMSE),344
CU,Random Forest,visit_gap_log_std,-0.022959504803283227,0.014216971596995429,Permutation importance (test RMSE),345
CU,Random Forest,history_span_days,-0.024732085000700798,0.02356302684651951,Permutation importance (test RMSE),346
CU,Random Forest,visit_gap_log_mean,-0.027286866409005794,0.021847435804082337,Permutation importance (test RMSE),347
CU,SVM,history_span_days,0.12446622486791994,0.14531346160884362,Permutation importance (test RMSE),1
CU,SVM,total_cholesterol_max,0.0003784542130366608,0.00024740497108434505,Permutation importance (test RMSE),2
CU,SVM,ldl_max,0.0002905308387602723,0.00020619448709673327,Permutation importance (test RMSE),3
CU,SVM,apoe_missing_mean,0.00023963628767311728,0.00015670054221046152,Permutation importance (test RMSE),4
CU,SVM,apoe_missing_max,0.00023963628767311728,0.00015670054221046152,Permutation importance (test RMSE),5
CU,SVM,apoe_missing_last,0.00023963628767311728,0.00015670054221046152,Permutation importance (test RMSE),6
CU,SVM,apoe_missing_min,0.00023963628767247335,0.00015670054221029363,Permutation importance (test RMSE),7
CU,SVM,casi_abstraction_min,0.00013869319994710416,9.361719023429096e-05,Permutation importance (test RMSE),8
CU,SVM,total_cholesterol_mean,0.00013189666054390646,0.000191012737169171,Permutation importance (test RMSE),9
CU,SVM,ldl_mean,0.0001216273239565413,0.0001426013768518858,Permutation importance (test RMSE),10
CU,SVM,age_first_mmse_max,0.0001185936385269759,8.081730621289123e-05,Permutation importance (test RMSE),11
CU,SVM,age_first_mmse_mean,0.0001185936385269759,8.081730621289123e-05,Permutation importance (test RMSE),12
CU,SVM,age_first_mmse_min,0.00011859363852334548,8.081730621416444e-05,Permutation importance (test RMSE),13
CU,SVM,age_first_mmse_last,0.00011859363852334548,8.081730621416444e-05,Permutation importance (test RMSE),14
CU,SVM,casi_verbal_fluency_min,0.00011705893611586582,9.184701907963844e-05,Permutation importance (test RMSE),15
CU,SVM,apoe4_count_last,0.00011179140637902485,7.532236038794303e-05,Permutation importance (test RMSE),16
CU,SVM,apoe4_count_mean,0.00011179140637902485,7.532236038794303e-05,Permutation importance (test RMSE),17
CU,SVM,apoe4_count_max,0.00011179140637902485,7.532236038794303e-05,Permutation importance (test RMSE),18
CU,SVM,apoe4_count_min,0.00011179140637813667,7.532236039100864e-05,Permutation importance (test RMSE),19
CU,SVM,casi_short_term_memory_max,0.00011109057433753567,5.436393411149906e-05,Permutation importance (test RMSE),20
CU,SVM,mmse_last,0.00010503801123377122,5.886797825157098e-05,Permutation importance (test RMSE),21
CU,SVM,casi_mental_manipulation_last,6.79730912136356e-05,6.882176611564789e-05,Permutation importance (test RMSE),22
CU,SVM,casi_mental_manipulation_max,6.654991710848268e-05,4.1000595070574245e-05,Permutation importance (test RMSE),23
CU,SVM,visit_gap_log_last,6.487684253759784e-05,2.790147588941202e-05,Permutation importance (test RMSE),24
CU,SVM,has_recent_casi_max,6.427971723402815e-05,5.5292097695897615e-05,Permutation importance (test RMSE),25
CU,SVM,visit_gap_log_max,5.7373331601295875e-05,2.4587504250512294e-05,Permutation importance (test RMSE),26
CU,SVM,triglyceride_max,5.393814019007959e-05,2.3693963789752032e-05,Permutation importance (test RMSE),27
CU,SVM,casi_mental_manipulation_mean,4.5640076469333216e-05,4.869846353611251e-05,Permutation importance (test RMSE),28
CU,SVM,casi_orientation_min,4.330077482184169e-05,0.00010230712314532917,Permutation importance (test RMSE),29
CU,SVM,has_recent_casi_mean,3.775348930841193e-05,3.0212232107400436e-05,Permutation importance (test RMSE),30
CU,SVM,casi_verbal_fluency_std,3.7328078743104064e-05,2.023105051628224e-05,Permutation importance (test RMSE),31
CU,SVM,casi_language_max,3.190500987675371e-05,7.221479742924011e-05,Permutation importance (test RMSE),32
CU,SVM,casi_attention_std,2.686524425932202e-05,1.5374947970450424e-05,Permutation importance (test RMSE),33
CU,SVM,casi_attention_min,2.6597670683159437e-05,6.387569227777927e-05,Permutation importance (test RMSE),34
CU,SVM,casi_verbal_fluency_mean,2.584642692018413e-05,3.610359774954057e-05,Permutation importance (test RMSE),35
CU,SVM,visit_gap_log_std,2.4619033292394567e-05,1.070883448164667e-05,Permutation importance (test RMSE),36
CU,SVM,casi_attention_last,2.3420270603213834e-05,5.6193381728708595e-05,Permutation importance (test RMSE),37
CU,SVM,mmse_mean,2.1307170471518423e-05,3.729155351309232e-05,Permutation importance (test RMSE),38
CU,SVM,casi_abstraction_mean,2.0286147565973244e-05,5.530001183302107e-05,Permutation importance (test RMSE),39
CU,SVM,casi_abstraction_last,1.6726877896555692e-05,4.368010248917124e-05,Permutation importance (test RMSE),40
CU,SVM,fasting_glucose_missing_mean,1.6014324750801557e-05,1.3778988331206407e-05,Permutation importance (test RMSE),41
CU,SVM,ldl_gap_days_log_missing_mean,1.6014324750801557e-05,1.3778988331206407e-05,Permutation importance (test RMSE),42
CU,SVM,ldl_gap_days_log_missing_min,1.6014324750801557e-05,1.3778988331206407e-05,Permutation importance (test RMSE),43
CU,SVM,triglyceride_missing_last,1.6014324750801557e-05,1.3778988331206407e-05,Permutation importance (test RMSE),44
CU,SVM,fasting_glucose_missing_last,1.6014324750801557e-05,1.3778988331206407e-05,Permutation importance (test RMSE),45
CU,SVM,hba1c_missing_last,1.6014324750801557e-05,1.3778988331206407e-05,Permutation importance (test RMSE),46
CU,SVM,hdl_missing_max,1.6014324750801557e-05,1.3778988331206407e-05,Permutation importance (test RMSE),47
CU,SVM,hdl_missing_mean,1.6014324750801557e-05,1.3778988331206407e-05,Permutation importance (test RMSE),48
CU,SVM,hdl_missing_min,1.6014324750801557e-05,1.3778988331206407e-05,Permutation importance (test RMSE),49
CU,SVM,casi_total_missing_min,1.6014324750801557e-05,1.3778988331206407e-05,Permutation importance (test RMSE),50
CU,SVM,days_since_casi_missing_min,1.6014324750801557e-05,1.3778988331206407e-05,Permutation importance (test RMSE),51
CU,SVM,vldl_missing_max,1.6014324750801557e-05,1.3778988331206407e-05,Permutation importance (test RMSE),52
CU,SVM,vldl_missing_min,1.6014324750801557e-05,1.3778988331206407e-05,Permutation importance (test RMSE),53
CU,SVM,vldl_missing_mean,1.6014324750801557e-05,1.3778988331206407e-05,Permutation importance (test RMSE),54
CU,SVM,vldl_gap_days_log_missing_last,1.6014324750801557e-05,1.3778988331206407e-05,Permutation importance (test RMSE),55
CU,SVM,ldl_missing_mean,1.6014324750801557e-05,1.3778988331206407e-05,Permutation importance (test RMSE),56
CU,SVM,casi_attention_missing_min,1.6014324750801557e-05,1.3778988331206407e-05,Permutation importance (test RMSE),57
CU,SVM,casi_orientation_missing_min,1.6014324750801557e-05,1.3778988331206407e-05,Permutation importance (test RMSE),58
CU,SVM,casi_language_missing_min,1.6014324750801557e-05,1.3778988331206407e-05,Permutation importance (test RMSE),59
CU,SVM,hba1c_gap_days_log_missing_max,1.6014324750801557e-05,1.3778988331206407e-05,Permutation importance (test RMSE),60
CU,SVM,fasting_glucose_gap_days_log_missing_min,1.6014324750801557e-05,1.3778988331206407e-05,Permutation importance (test RMSE),61
CU,SVM,triglyceride_gap_days_log_missing_max,1.6014324750801557e-05,1.3778988331206407e-05,Permutation importance (test RMSE),62
CU,SVM,fasting_glucose_gap_days_log_missing_mean,1.6014324750801557e-05,1.3778988331206407e-05,Permutation importance (test RMSE),63
CU,SVM,total_cholesterol_gap_days_log_missing_max,1.6014324750801557e-05,1.3778988331206407e-05,Permutation importance (test RMSE),64
CU,SVM,triglyceride_gap_days_log_missing_mean,1.6014324750801557e-05,1.3778988331206407e-05,Permutation importance (test RMSE),65
CU,SVM,total_cholesterol_gap_days_log_missing_min,1.6014324750801557e-05,1.3778988331206407e-05,Permutation importance (test RMSE),66
CU,SVM,triglyceride_gap_days_log_missing_min,1.6014324750801557e-05,1.3778988331206407e-05,Permutation importance (test RMSE),67
CU,SVM,hba1c_gap_days_log_missing_mean,1.6014324750801557e-05,1.3778988331206407e-05,Permutation importance (test RMSE),68
CU,SVM,fasting_glucose_gap_days_log_missing_max,1.6014324750801557e-05,1.3778988331206407e-05,Permutation importance (test RMSE),69
CU,SVM,casi_long_term_memory_missing_min,1.6014324750801557e-05,1.3778988331206407e-05,Permutation importance (test RMSE),70
CU,SVM,casi_short_term_memory_missing_min,1.6014324750801557e-05,1.3778988331206407e-05,Permutation importance (test RMSE),71
CU,SVM,casi_verbal_fluency_missing_min,1.6014324750801557e-05,1.3778988331206407e-05,Permutation importance (test RMSE),72
CU,SVM,casi_drawing_missing_min,1.6014324750801557e-05,1.3778988331206407e-05,Permutation importance (test RMSE),73
CU,SVM,casi_mental_manipulation_missing_min,1.6014324750801557e-05,1.3778988331206407e-05,Permutation importance (test RMSE),74
CU,SVM,hba1c_gap_days_log_missing_min,1.6014324750801557e-05,1.3778988331206407e-05,Permutation importance (test RMSE),75
CU,SVM,casi_abstraction_missing_min,1.6014324750801557e-05,1.3778988331206407e-05,Permutation importance (test RMSE),76
CU,SVM,fasting_glucose_missing_min,1.6014324750801557e-05,1.3778988331206407e-05,Permutation importance (test RMSE),77
CU,SVM,hba1c_missing_mean,1.6014324750801557e-05,1.3778988331206407e-05,Permutation importance (test RMSE),78
CU,SVM,fasting_glucose_missing_max,1.6014324750801557e-05,1.3778988331206407e-05,Permutation importance (test RMSE),79
CU,SVM,ldl_missing_last,1.6014324750801557e-05,1.3778988331206407e-05,Permutation importance (test RMSE),80
CU,SVM,vldl_missing_last,1.6014324750801557e-05,1.3778988331206407e-05,Permutation importance (test RMSE),81
CU,SVM,hdl_missing_last,1.6014324750801557e-05,1.3778988331206407e-05,Permutation importance (test RMSE),82
CU,SVM,total_cholesterol_missing_last,1.6014324750801557e-05,1.3778988331206407e-05,Permutation importance (test RMSE),83
CU,SVM,hba1c_missing_min,1.6014324750801557e-05,1.3778988331206407e-05,Permutation importance (test RMSE),84
CU,SVM,hba1c_missing_max,1.6014324750801557e-05,1.3778988331206407e-05,Permutation importance (test RMSE),85
CU,SVM,hdl_gap_days_log_missing_min,1.6014324750801557e-05,1.3778988331206407e-05,Permutation importance (test RMSE),86
CU,SVM,hdl_gap_days_log_missing_mean,1.6014324750801557e-05,1.3778988331206407e-05,Permutation importance (test RMSE),87
CU,SVM,vldl_gap_days_log_missing_min,1.6014324750801557e-05,1.3778988331206407e-05,Permutation importance (test RMSE),88
CU,SVM,vldl_gap_days_log_missing_max,1.6014324750801557e-05,1.3778988331206407e-05,Permutation importance (test RMSE),89
CU,SVM,hdl_gap_days_log_missing_max,1.6014324750801557e-05,1.3778988331206407e-05,Permutation importance (test RMSE),90
CU,SVM,vldl_gap_days_log_missing_mean,1.6014324750801557e-05,1.3778988331206407e-05,Permutation importance (test RMSE),91
CU,SVM,total_cholesterol_missing_max,1.6014324750801557e-05,1.3778988331206407e-05,Permutation importance (test RMSE),92
CU,SVM,hdl_gap_days_log_missing_last,1.6014324750801557e-05,1.3778988331206407e-05,Permutation importance (test RMSE),93
CU,SVM,ldl_gap_days_log_missing_last,1.6014324750801557e-05,1.3778988331206407e-05,Permutation importance (test RMSE),94
CU,SVM,total_cholesterol_gap_days_log_missing_last,1.6014324750801557e-05,1.3778988331206407e-05,Permutation importance (test RMSE),95
CU,SVM,hba1c_gap_days_log_missing_last,1.6014324750801557e-05,1.3778988331206407e-05,Permutation importance (test RMSE),96
CU,SVM,ldl_missing_min,1.6014324750801557e-05,1.3778988331206407e-05,Permutation importance (test RMSE),97
CU,SVM,triglyceride_gap_days_log_missing_last,1.6014324750801557e-05,1.3778988331206407e-05,Permutation importance (test RMSE),98
CU,SVM,fasting_glucose_gap_days_log_missing_last,1.6014324750801557e-05,1.3778988331206407e-05,Permutation importance (test RMSE),99
CU,SVM,triglyceride_missing_min,1.6014324750801557e-05,1.3778988331206407e-05,Permutation importance (test RMSE),100
CU,SVM,ldl_missing_max,1.6014324750801557e-05,1.3778988331206407e-05,Permutation importance (test RMSE),101
CU,SVM,total_cholesterol_missing_min,1.6014324750801557e-05,1.3778988331206407e-05,Permutation importance (test RMSE),102
CU,SVM,total_cholesterol_missing_mean,1.6014324750801557e-05,1.3778988331206407e-05,Permutation importance (test RMSE),103
CU,SVM,triglyceride_missing_max,1.6014324750801557e-05,1.3778988331206407e-05,Permutation importance (test RMSE),104
CU,SVM,triglyceride_missing_mean,1.6014324750801557e-05,1.3778988331206407e-05,Permutation importance (test RMSE),105
CU,SVM,ldl_gap_days_log_missing_max,1.6014324750801557e-05,1.3778988331206407e-05,Permutation importance (test RMSE),106
CU,SVM,total_cholesterol_gap_days_log_missing_mean,1.6014324750801557e-05,1.3778988331206407e-05,Permutation importance (test RMSE),107
CU,SVM,triglyceride_std,1.527022995579941e-05,8.766156364196638e-06,Permutation importance (test RMSE),108
CU,SVM,casi_language_last,1.3509461400584844e-05,3.6427710558610976e-05,Permutation importance (test RMSE),109
CU,SVM,vldl_std,1.3296250770289397e-05,7.49068233324872e-06,Permutation importance (test RMSE),110
CU,SVM,casi_short_term_memory_last,1.210656087806683e-05,3.7346866398158686e-05,Permutation importance (test RMSE),111
CU,SVM,casi_abstraction_std,1.182644751346329e-05,6.8424752271298274e-06,Permutation importance (test RMSE),112
CU,SVM,casi_mental_manipulation_missing_mean,9.408511170627687e-06,7.529526026160369e-06,Permutation importance (test RMSE),113
CU,SVM,days_since_casi_missing_mean,9.408511170627687e-06,7.529526026160369e-06,Permutation importance (test RMSE),114
CU,SVM,casi_attention_missing_mean,9.408511170627687e-06,7.529526026160369e-06,Permutation importance (test RMSE),115
CU,SVM,casi_short_term_memory_missing_mean,9.408511170627687e-06,7.529526026160369e-06,Permutation importance (test RMSE),116
CU,SVM,casi_orientation_missing_mean,9.408511170627687e-06,7.529526026160369e-06,Permutation importance (test RMSE),117
CU,SVM,casi_abstraction_missing_mean,9.408511170627687e-06,7.529526026160369e-06,Permutation importance (test RMSE),118
CU,SVM,casi_long_term_memory_missing_mean,9.408511170627687e-06,7.529526026160369e-06,Permutation importance (test RMSE),119
CU,SVM,casi_total_missing_mean,9.408511170627687e-06,7.529526026160369e-06,Permutation importance (test RMSE),120
CU,SVM,casi_verbal_fluency_missing_mean,9.408511170627687e-06,7.529526026160369e-06,Permutation importance (test RMSE),121
CU,SVM,casi_drawing_missing_mean,9.408511170627687e-06,7.529526026160369e-06,Permutation importance (test RMSE),122
CU,SVM,casi_language_missing_mean,9.408511170627687e-06,7.529526026160369e-06,Permutation importance (test RMSE),123
CU,SVM,triglyceride_mean,9.319362079573957e-06,7.963353861742546e-06,Permutation importance (test RMSE),124
CU,SVM,casi_orientation_std,9.148168537909118e-06,1.8770257820645558e-05,Permutation importance (test RMSE),125
CU,SVM,casi_orientation_mean,7.771832333414164e-06,1.375090549813867e-05,Permutation importance (test RMSE),126
CU,SVM,vldl_min,7.5711708825809685e-06,2.5918861018727807e-05,Permutation importance (test RMSE),127
CU,SVM,has_recent_casi_std,6.75282525524068e-06,1.0355591820986145e-05,Permutation importance (test RMSE),128
CU,SVM,hdl_std,4.843919069086322e-06,2.7677699862269127e-06,Permutation importance (test RMSE),129
CU,SVM,casi_language_std,3.8343036483201585e-06,7.223638626137874e-06,Permutation importance (test RMSE),130
CU,SVM,hyperlipidemia_max,3.4608052585038963e-06,5.07146950911744e-05,Permutation importance (test RMSE),131
CU,SVM,hyperlipidemia_mean,3.4608052585038963e-06,5.07146950911744e-05,Permutation importance (test RMSE),132
CU,SVM,hyperlipidemia_last,3.4608052553730673e-06,5.0714695091153875e-05,Permutation importance (test RMSE),133
CU,SVM,hyperlipidemia_min,3.4608052553730673e-06,5.0714695091153875e-05,Permutation importance (test RMSE),134
CU,SVM,cdr_sob_mean,3.076005326552167e-06,9.70971945625306e-06,Permutation importance (test RMSE),135
CU,SVM,fasting_glucose_std,2.710600786859363e-06,1.5266416870401193e-06,Permutation importance (test RMSE),136
CU,SVM,ldl_std,2.4922846393882203e-06,1.4785976263283093e-06,Permutation importance (test RMSE),137
CU,SVM,casi_language_mean,2.1463752027828244e-06,5.8929136365853936e-05,Permutation importance (test RMSE),138
CU,SVM,hba1c_std,2.03945311743059e-06,1.3892698362619263e-06,Permutation importance (test RMSE),139
CU,SVM,hypertension_mean,1.8267754937961732e-06,0.00010132584399263865,Permutation importance (test RMSE),140
CU,SVM,hypertension_max,1.8267754937961732e-06,0.00010132584399263865,Permutation importance (test RMSE),141
CU,SVM,hypertension_last,1.8267754937961732e-06,0.00010132584399263865,Permutation importance (test RMSE),142
CU,SVM,hypertension_min,1.8267754930856305e-06,0.00010132584399244024,Permutation importance (test RMSE),143
CU,SVM,casi_attention_missing_std,1.682720529938564e-06,2.5808868480601434e-06,Permutation importance (test RMSE),144
CU,SVM,casi_orientation_missing_std,1.682720529938564e-06,2.5808868480601434e-06,Permutation importance (test RMSE),145
CU,SVM,casi_drawing_missing_std,1.682720529938564e-06,2.5808868480601434e-06,Permutation importance (test RMSE),146
CU,SVM,casi_total_missing_std,1.682720529938564e-06,2.5808868480601434e-06,Permutation importance (test RMSE),147
CU,SVM,days_since_casi_missing_std,1.682720529938564e-06,2.5808868480601434e-06,Permutation importance (test RMSE),148
CU,SVM,casi_abstraction_missing_std,1.682720529938564e-06,2.5808868480601434e-06,Permutation importance (test RMSE),149
CU,SVM,casi_short_term_memory_missing_std,1.6827205298164394e-06,2.5808868479993993e-06,Permutation importance (test RMSE),150
CU,SVM,casi_mental_manipulation_missing_std,1.6827205298164394e-06,2.5808868479993993e-06,Permutation importance (test RMSE),151
CU,SVM,casi_language_missing_std,1.6827205298164394e-06,2.5808868479993993e-06,Permutation importance (test RMSE),152
CU,SVM,casi_verbal_fluency_missing_std,1.682720529749826e-06,2.580886846854962e-06,Permutation importance (test RMSE),153
CU,SVM,casi_long_term_memory_missing_std,1.682720529749826e-06,2.580886846854962e-06,Permutation importance (test RMSE),154
CU,SVM,hdl_gap_days_log_mean,1.4027015989626078e-06,4.722992248246212e-05,Permutation importance (test RMSE),155
CU,SVM,triglyceride_gap_days_log_mean,1.4027015989626078e-06,4.722992248246212e-05,Permutation importance (test RMSE),156
CU,SVM,total_cholesterol_gap_days_log_mean,1.4027015989626078e-06,4.722992248246212e-05,Permutation importance (test RMSE),157
CU,SVM,hba1c_gap_days_log_mean,1.3595852507153339e-06,4.579939539344158e-05,Permutation importance (test RMSE),158
CU,SVM,fasting_glucose_gap_days_log_mean,1.2395937607045937e-06,4.1811381752297956e-05,Permutation importance (test RMSE),159
CU,SVM,casi_verbal_fluency_max,3.0581341030622157e-07,2.6730674625974204e-05,Permutation importance (test RMSE),160
CU,SVM,cdr_judgment_last,0.0,0.0,Permutation importance (test RMSE),161
CU,SVM,cdr_orientation_last,0.0,0.0,Permutation importance (test RMSE),162
CU,SVM,cdr_community_last,0.0,0.0,Permutation importance (test RMSE),163
CU,SVM,hdl_gap_days_log_missing_std,0.0,0.0,Permutation importance (test RMSE),164
CU,SVM,vldl_gap_days_log_missing_std,0.0,0.0,Permutation importance (test RMSE),165
CU,SVM,total_cholesterol_gap_days_log_missing_std,0.0,0.0,Permutation importance (test RMSE),166
CU,SVM,ldl_gap_days_log_missing_std,0.0,0.0,Permutation importance (test RMSE),167
CU,SVM,hba1c_missing_std,0.0,0.0,Permutation importance (test RMSE),168
CU,SVM,fasting_glucose_missing_std,0.0,0.0,Permutation importance (test RMSE),169
CU,SVM,cdr_memory_last,0.0,0.0,Permutation importance (test RMSE),170
CU,SVM,cdr_global_last,0.0,0.0,Permutation importance (test RMSE),171
CU,SVM,casi_long_term_memory_mean,0.0,0.0,Permutation importance (test RMSE),172
CU,SVM,casi_long_term_memory_std,0.0,0.0,Permutation importance (test RMSE),173
CU,SVM,casi_long_term_memory_min,0.0,0.0,Permutation importance (test RMSE),174
CU,SVM,casi_long_term_memory_max,0.0,0.0,Permutation importance (test RMSE),175
CU,SVM,vldl_missing_std,0.0,0.0,Permutation importance (test RMSE),176
CU,SVM,hdl_missing_std,0.0,0.0,Permutation importance (test RMSE),177
CU,SVM,cdr_personal_care_std,0.0,0.0,Permutation importance (test RMSE),178
CU,SVM,cdr_sob_min,0.0,0.0,Permutation importance (test RMSE),179
CU,SVM,cdr_personal_care_mean,0.0,0.0,Permutation importance (test RMSE),180
CU,SVM,cdr_home_hobbies_max,0.0,0.0,Permutation importance (test RMSE),181
CU,SVM,cdr_home_hobbies_std,0.0,0.0,Permutation importance (test RMSE),182
CU,SVM,cdr_home_hobbies_min,0.0,0.0,Permutation importance (test RMSE),183
CU,SVM,cdr_home_hobbies_mean,0.0,0.0,Permutation importance (test RMSE),184
CU,SVM,cdr_community_max,0.0,0.0,Permutation importance (test RMSE),185
CU,SVM,cdr_community_min,0.0,0.0,Permutation importance (test RMSE),186
CU,SVM,ldl_missing_std,0.0,0.0,Permutation importance (test RMSE),187
CU,SVM,cdr_global_min,0.0,0.0,Permutation importance (test RMSE),188
CU,SVM,cdr_personal_care_max,0.0,0.0,Permutation importance (test RMSE),189
CU,SVM,cdr_personal_care_min,0.0,0.0,Permutation importance (test RMSE),190
CU,SVM,total_cholesterol_missing_std,0.0,0.0,Permutation importance (test RMSE),191
CU,SVM,triglyceride_missing_std,0.0,0.0,Permutation importance (test RMSE),192
CU,SVM,cdr_community_std,0.0,0.0,Permutation importance (test RMSE),193
CU,SVM,cdr_community_mean,0.0,0.0,Permutation importance (test RMSE),194
CU,SVM,cdr_judgment_max,0.0,0.0,Permutation importance (test RMSE),195
CU,SVM,cdr_judgment_min,0.0,0.0,Permutation importance (test RMSE),196
CU,SVM,cdr_judgment_std,0.0,0.0,Permutation importance (test RMSE),197
CU,SVM,cdr_judgment_mean,0.0,0.0,Permutation importance (test RMSE),198
CU,SVM,cdr_orientation_max,0.0,0.0,Permutation importance (test RMSE),199
CU,SVM,cdr_orientation_min,0.0,0.0,Permutation importance (test RMSE),200
CU,SVM,cdr_orientation_std,0.0,0.0,Permutation importance (test RMSE),201
CU,SVM,cdr_orientation_mean,0.0,0.0,Permutation importance (test RMSE),202
CU,SVM,cdr_memory_min,0.0,0.0,Permutation importance (test RMSE),203
CU,SVM,cdr_sob_last,0.0,0.0,Permutation importance (test RMSE),204
CU,SVM,cdr_personal_care_last,0.0,0.0,Permutation importance (test RMSE),205
CU,SVM,cdr_home_hobbies_last,0.0,0.0,Permutation importance (test RMSE),206
CU,SVM,casi_drawing_max,0.0,0.0,Permutation importance (test RMSE),207
CU,SVM,days_since_casi_min,0.0,0.0,Permutation importance (test RMSE),208
CU,SVM,days_since_casi_mean,0.0,0.0,Permutation importance (test RMSE),209
CU,SVM,days_since_casi_std,0.0,0.0,Permutation importance (test RMSE),210
CU,SVM,casi_orientation_max,0.0,0.0,Permutation importance (test RMSE),211
CU,SVM,hdl_gap_days_log_min,0.0,0.0,Permutation importance (test RMSE),212
CU,SVM,days_since_casi_max,0.0,0.0,Permutation importance (test RMSE),213
CU,SVM,total_cholesterol_gap_days_log_min,0.0,0.0,Permutation importance (test RMSE),214
CU,SVM,triglyceride_gap_days_log_min,0.0,0.0,Permutation importance (test RMSE),215
CU,SVM,vldl_gap_days_log_min,0.0,0.0,Permutation importance (test RMSE),216
CU,SVM,ldl_gap_days_log_min,0.0,0.0,Permutation importance (test RMSE),217
CU,SVM,education_std,0.0,0.0,Permutation importance (test RMSE),218
CU,SVM,visit_gap_log_min,0.0,0.0,Permutation importance (test RMSE),219
CU,SVM,fasting_glucose_gap_days_log_min,0.0,0.0,Permutation importance (test RMSE),220
CU,SVM,apoe_missing_std,0.0,0.0,Permutation importance (test RMSE),221
CU,SVM,age_first_mmse_std,0.0,0.0,Permutation importance (test RMSE),222
CU,SVM,hba1c_gap_days_log_min,0.0,0.0,Permutation importance (test RMSE),223
CU,SVM,hypertension_std,0.0,0.0,Permutation importance (test RMSE),224
CU,SVM,gender_std,0.0,0.0,Permutation importance (test RMSE),225
CU,SVM,hyperlipidemia_std,0.0,0.0,Permutation importance (test RMSE),226
CU,SVM,diabetes_std,0.0,0.0,Permutation importance (test RMSE),227
CU,SVM,hba1c_gap_days_log_missing_std,0.0,0.0,Permutation importance (test RMSE),228
CU,SVM,apoe4_count_std,0.0,0.0,Permutation importance (test RMSE),229
CU,SVM,triglyceride_gap_days_log_missing_std,0.0,0.0,Permutation importance (test RMSE),230
CU,SVM,fasting_glucose_gap_days_log_missing_std,0.0,0.0,Permutation importance (test RMSE),231
CU,SVM,casi_drawing_last,0.0,0.0,Permutation importance (test RMSE),232
CU,SVM,days_since_casi_last,0.0,0.0,Permutation importance (test RMSE),233
CU,SVM,casi_long_term_memory_last,0.0,0.0,Permutation importance (test RMSE),234
CU,SVM,casi_orientation_last,0.0,0.0,Permutation importance (test RMSE),235
CU,SVM,casi_attention_missing_max,-2.4990702397476027e-07,5.3624462819541735e-06,Permutation importance (test RMSE),236
CU,SVM,casi_orientation_missing_max,-2.4990702397476027e-07,5.3624462819541735e-06,Permutation importance (test RMSE),237
CU,SVM,casi_long_term_memory_missing_max,-2.4990702397476027e-07,5.3624462819541735e-06,Permutation importance (test RMSE),238
CU,SVM,casi_short_term_memory_missing_max,-2.4990702397476027e-07,5.3624462819541735e-06,Permutation importance (test RMSE),239
CU,SVM,casi_mental_manipulation_missing_max,-2.4990702397476027e-07,5.3624462819541735e-06,Permutation importance (test RMSE),240
CU,SVM,casi_verbal_fluency_missing_max,-2.4990702397476027e-07,5.3624462819541735e-06,Permutation importance (test RMSE),241
CU,SVM,casi_language_missing_max,-2.4990702397476027e-07,5.3624462819541735e-06,Permutation importance (test RMSE),242
CU,SVM,casi_abstraction_missing_max,-2.4990702397476027e-07,5.3624462819541735e-06,Permutation importance (test RMSE),243
CU,SVM,casi_drawing_missing_max,-2.4990702397476027e-07,5.3624462819541735e-06,Permutation importance (test RMSE),244
CU,SVM,days_since_casi_missing_max,-2.4990702397476027e-07,5.3624462819541735e-06,Permutation importance (test RMSE),245
CU,SVM,casi_total_missing_max,-2.4990702397476027e-07,5.3624462819541735e-06,Permutation importance (test RMSE),246
CU,SVM,casi_language_missing_last,-4.42241709275315e-07,1.153434354662095e-05,Permutation importance (test RMSE),247
CU,SVM,casi_total_missing_last,-4.42241709275315e-07,1.153434354662095e-05,Permutation importance (test RMSE),248
CU,SVM,casi_attention_missing_last,-4.42241709275315e-07,1.153434354662095e-05,Permutation importance (test RMSE),249
CU,SVM,casi_verbal_fluency_missing_last,-4.42241709275315e-07,1.153434354662095e-05,Permutation importance (test RMSE),250
CU,SVM,casi_drawing_missing_last,-4.42241709275315e-07,1.153434354662095e-05,Permutation importance (test RMSE),251
CU,SVM,casi_orientation_missing_last,-4.42241709275315e-07,1.153434354662095e-05,Permutation importance (test RMSE),252
CU,SVM,casi_long_term_memory_missing_last,-4.42241709275315e-07,1.153434354662095e-05,Permutation importance (test RMSE),253
CU,SVM,casi_abstraction_missing_last,-4.42241709275315e-07,1.153434354662095e-05,Permutation importance (test RMSE),254
CU,SVM,casi_short_term_memory_missing_last,-4.42241709275315e-07,1.153434354662095e-05,Permutation importance (test RMSE),255
CU,SVM,casi_mental_manipulation_missing_last,-4.42241709275315e-07,1.153434354662095e-05,Permutation importance (test RMSE),256
CU,SVM,days_since_casi_missing_last,-4.42241709275315e-07,1.153434354662095e-05,Permutation importance (test RMSE),257
CU,SVM,has_recent_casi_min,-9.94454930847155e-07,2.1515907468611624e-05,Permutation importance (test RMSE),258
CU,SVM,has_recent_casi_last,-1.7465340620637094e-06,4.628251089294824e-05,Permutation importance (test RMSE),259
CU,SVM,casi_verbal_fluency_last,-2.583070230555151e-06,2.4248445959724006e-05,Permutation importance (test RMSE),260
CU,SVM,casi_drawing_mean,-2.729703889603474e-06,1.18089526662054e-06,Permutation importance (test RMSE),261
CU,SVM,triglyceride_min,-3.893521744746664e-06,1.1119776159835745e-05,Permutation importance (test RMSE),262
CU,SVM,casi_total_std,-6.568236279724804e-06,3.578914585175443e-06,Permutation importance (test RMSE),263
CU,SVM,fasting_glucose_gap_days_log_std,-1.1518678890520829e-05,3.9395100291957524e-05,Permutation importance (test RMSE),264
CU,SVM,cdr_sob_std,-1.1828464629171088e-05,1.0036122238477009e-05,Permutation importance (test RMSE),265
CU,SVM,hba1c_gap_days_log_std,-1.2615827273065871e-05,4.3152685987119535e-05,Permutation importance (test RMSE),266
CU,SVM,total_cholesterol_gap_days_log_std,-1.300931739885991e-05,4.450055871456782e-05,Permutation importance (test RMSE),267
CU,SVM,hdl_gap_days_log_std,-1.3009317400558551e-05,4.450055871383915e-05,Permutation importance (test RMSE),268
CU,SVM,triglyceride_gap_days_log_std,-1.3009317400558551e-05,4.450055871383915e-05,Permutation importance (test RMSE),269
CU,SVM,casi_drawing_std,-1.5242295230599723e-05,7.933431879016628e-06,Permutation importance (test RMSE),270
CU,SVM,cdr_memory_mean,-1.769596055575251e-05,9.595641674913808e-06,Permutation importance (test RMSE),271
CU,SVM,total_cholesterol_last,-1.9450386854269476e-05,8.959894238843835e-05,Permutation importance (test RMSE),272
CU,SVM,cdr_global_mean,-2.1036803982321663e-05,1.1387886967434327e-05,Permutation importance (test RMSE),273
CU,SVM,total_cholesterol_std,-2.226184824135613e-05,9.985894063063769e-06,Permutation importance (test RMSE),274
CU,SVM,casi_total_max,-2.227427118790537e-05,1.2503550458640202e-05,Permutation importance (test RMSE),275
CU,SVM,ldl_last,-2.3381197320004878e-05,8.202426480332297e-05,Permutation importance (test RMSE),276
CU,SVM,casi_short_term_memory_std,-2.3608558150611804e-05,2.1686252321796678e-05,Permutation importance (test RMSE),277
CU,SVM,hdl_last,-2.364923402803365e-05,8.489653329178078e-05,Permutation importance (test RMSE),278
CU,SVM,casi_total_mean,-2.436154431638693e-05,1.3065040177980268e-05,Permutation importance (test RMSE),279
CU,SVM,ldl_gap_days_log_mean,-2.572021784125189e-05,3.3119056674417295e-05,Permutation importance (test RMSE),280
CU,SVM,vldl_gap_days_log_mean,-2.767726480039645e-05,2.9457605010577593e-05,Permutation importance (test RMSE),281
CU,SVM,casi_total_last,-2.7922120478574008e-05,3.211490935223291e-05,Permutation importance (test RMSE),282
CU,SVM,casi_mental_manipulation_std,-3.0089423478096844e-05,1.2791728012725464e-05,Permutation importance (test RMSE),283
CU,SVM,mmse_max,-3.373854448112113e-05,3.5116065216320294e-05,Permutation importance (test RMSE),284
CU,SVM,mmse_std,-3.438102570592072e-05,2.6440426589610832e-05,Permutation importance (test RMSE),285
CU,SVM,visit_gap_log_mean,-3.829876366764351e-05,1.682755340746175e-05,Permutation importance (test RMSE),286
CU,SVM,ldl_gap_days_log_std,-4.088845650811468e-05,3.3027594213898085e-05,Permutation importance (test RMSE),287
CU,SVM,vldl_gap_days_log_std,-4.173211868014892e-05,2.9928578106236017e-05,Permutation importance (test RMSE),288
CU,SVM,ldl_min,-4.2982488763021466e-05,8.704535918187515e-05,Permutation importance (test RMSE),289
CU,SVM,hba1c_max,-4.540310107674639e-05,2.7396511722369946e-05,Permutation importance (test RMSE),290
CU,SVM,fasting_glucose_min,-4.605204499247284e-05,3.305297475385246e-05,Permutation importance (test RMSE),291
CU,SVM,vldl_mean,-4.61751618245132e-05,3.1114967976889846e-05,Permutation importance (test RMSE),292
CU,SVM,hdl_mean,-4.921258613228563e-05,9.211701658095337e-05,Permutation importance (test RMSE),293
CU,SVM,fasting_glucose_max,-4.945571058907472e-05,3.0890447886291095e-05,Permutation importance (test RMSE),294
CU,SVM,hdl_min,-5.073456373256846e-05,8.111026446723593e-05,Permutation importance (test RMSE),295
CU,SVM,hdl_max,-5.1148457344629696e-05,0.00012563354353282817,Permutation importance (test RMSE),296
CU,SVM,vldl_last,-5.170964207992235e-05,5.584703671422044e-05,Permutation importance (test RMSE),297
CU,SVM,triglyceride_last,-5.257291189649793e-05,5.3355339970541587e-05,Permutation importance (test RMSE),298
CU,SVM,cdr_memory_std,-5.289808310472432e-05,2.3098491702686916e-05,Permutation importance (test RMSE),299
CU,SVM,hba1c_min,-5.37007876383e-05,3.222380082234142e-05,Permutation importance (test RMSE),300
CU,SVM,casi_drawing_min,-6.15497453603231e-05,3.0075022263113813e-05,Permutation importance (test RMSE),301
CU,SVM,casi_total_min,-6.205527773575081e-05,3.692617674489704e-05,Permutation importance (test RMSE),302
CU,SVM,cdr_global_std,-6.275958098582724e-05,2.7400932734014518e-05,Permutation importance (test RMSE),303
CU,SVM,cdr_sob_max,-6.976164691229192e-05,4.3873933683275245e-05,Permutation importance (test RMSE),304
CU,SVM,casi_abstraction_max,-7.529075107230998e-05,7.468193834722993e-05,Permutation importance (test RMSE),305
CU,SVM,fasting_glucose_mean,-7.787193027707362e-05,4.470487962241361e-05,Permutation importance (test RMSE),306
CU,SVM,vldl_max,-7.890511781758481e-05,3.875148206645815e-05,Permutation importance (test RMSE),307
CU,SVM,hba1c_mean,-7.916561079457374e-05,4.268675759897429e-05,Permutation importance (test RMSE),308
CU,SVM,casi_mental_manipulation_min,-7.947842047926202e-05,9.799167632142728e-05,Permutation importance (test RMSE),309
CU,SVM,education_mean,-9.171175925090091e-05,7.910198675183869e-05,Permutation importance (test RMSE),310
CU,SVM,education_max,-9.171175925090091e-05,7.910198675183869e-05,Permutation importance (test RMSE),311
CU,SVM,education_last,-9.171175925090091e-05,7.910198675183869e-05,Permutation importance (test RMSE),312
CU,SVM,education_min,-9.171175925141162e-05,7.910198675240068e-05,Permutation importance (test RMSE),313
CU,SVM,casi_attention_max,-9.554889158861491e-05,4.9996553101768366e-05,Permutation importance (test RMSE),314
CU,SVM,casi_short_term_memory_mean,-9.628093721746334e-05,9.633548034612417e-05,Permutation importance (test RMSE),315
CU,SVM,diabetes_last,-0.00011094538738785076,7.587281145074883e-05,Permutation importance (test RMSE),316
CU,SVM,diabetes_min,-0.00011094538738908311,7.587281145153977e-05,Permutation importance (test RMSE),317
CU,SVM,diabetes_max,-0.00011094538739242488,7.587281145275447e-05,Permutation importance (test RMSE),318
CU,SVM,diabetes_mean,-0.00011094538739242488,7.587281145275447e-05,Permutation importance (test RMSE),319
CU,SVM,mmse_min,-0.00011438198696064327,0.0001441377186157483,Permutation importance (test RMSE),320
CU,SVM,casi_attention_mean,-0.00012140313600149666,7.735492455645195e-05,Permutation importance (test RMSE),321
CU,SVM,casi_language_min,-0.0001497415885860054,0.00010189583022157032,Permutation importance (test RMSE),322
CU,SVM,fasting_glucose_gap_days_log_max,-0.0001624671517090115,0.00016825915131463763,Permutation importance (test RMSE),323
CU,SVM,total_cholesterol_min,-0.00016898402395661982,0.0001675920270872756,Permutation importance (test RMSE),324
CU,SVM,fasting_glucose_last,-0.0001757775104432313,0.00012390875579281027,Permutation importance (test RMSE),325
CU,SVM,hba1c_gap_days_log_max,-0.0001779383696335679,0.00018430782207692976,Permutation importance (test RMSE),326
CU,SVM,total_cholesterol_gap_days_log_max,-0.0001834869345001322,0.0001900645846630186,Permutation importance (test RMSE),327
CU,SVM,triglyceride_gap_days_log_max,-0.0001834869345001322,0.0001900645846630186,Permutation importance (test RMSE),328
CU,SVM,hdl_gap_days_log_max,-0.0001834869345001322,0.0001900645846630186,Permutation importance (test RMSE),329
CU,SVM,hba1c_last,-0.0001854162713273988,0.00011948539608661339,Permutation importance (test RMSE),330
CU,SVM,gender_max,-0.00022810057185028708,0.00018776149216023433,Permutation importance (test RMSE),331
CU,SVM,gender_mean,-0.00022810057185028708,0.00018776149216023433,Permutation importance (test RMSE),332
CU,SVM,gender_min,-0.00022810057185391753,0.00018776149216057707,Permutation importance (test RMSE),333
CU,SVM,gender_last,-0.00022810057185513878,0.00018776149215917774,Permutation importance (test RMSE),334
CU,SVM,cdr_memory_max,-0.0002584232212045068,0.0001130017124820681,Permutation importance (test RMSE),335
CU,SVM,history_n_visits,-0.00026856483212177594,0.00019248372306567582,Permutation importance (test RMSE),336
CU,SVM,cdr_global_max,-0.00030697723422298264,0.00013420516323584453,Permutation importance (test RMSE),337
CU,SVM,vldl_gap_days_log_max,-0.0003091216046846035,0.00015729445930568026,Permutation importance (test RMSE),338
CU,SVM,fasting_glucose_gap_days_log_last,-0.000309656405337233,0.00013773486368055072,Permutation importance (test RMSE),339
CU,SVM,ldl_gap_days_log_max,-0.00031499802556514964,0.0001681862937084814,Permutation importance (test RMSE),340
CU,SVM,vldl_gap_days_log_last,-0.00033105698766169314,0.0001472546693772743,Permutation importance (test RMSE),341
CU,SVM,hba1c_gap_days_log_last,-0.00033918553548544227,0.00015087059019737358,Permutation importance (test RMSE),342
CU,SVM,hdl_gap_days_log_last,-0.00034977756713880923,0.00015558239625584989,Permutation importance (test RMSE),343
CU,SVM,triglyceride_gap_days_log_last,-0.00034977756713880923,0.00015558239625584989,Permutation importance (test RMSE),344
CU,SVM,total_cholesterol_gap_days_log_last,-0.0003497775671461922,0.00015558239625774184,Permutation importance (test RMSE),345
CU,SVM,ldl_gap_days_log_last,-0.0003587225086406409,0.00015956152440786564,Permutation importance (test RMSE),346
CU,SVM,casi_short_term_memory_min,-0.00048111666604622183,0.0002908698217448347,Permutation importance (test RMSE),347
CU,XGBoost,mmse_last,0.04041538370639345,0.027692032635567247,Permutation importance (test RMSE),1
CU,XGBoost,apoe4_count_last,0.02546625690736067,0.019102961164997566,Permutation importance (test RMSE),2
CU,XGBoost,mmse_std,0.02320797973377184,0.0563219260797042,Permutation importance (test RMSE),3
CU,XGBoost,casi_verbal_fluency_std,0.018766006168771283,0.012709101488533775,Permutation importance (test RMSE),4
CU,XGBoost,education_last,0.01270330645047878,0.012679216324919411,Permutation importance (test RMSE),5
CU,XGBoost,vldl_std,0.010509917264389818,0.005486969796540344,Permutation importance (test RMSE),6
CU,XGBoost,casi_short_term_memory_max,0.010085776407873387,0.00589982130555198,Permutation importance (test RMSE),7
CU,XGBoost,hdl_last,0.007073053604704888,0.00510245523074204,Permutation importance (test RMSE),8
CU,XGBoost,apoe_missing_last,0.005412915792291889,0.006041599473538032,Permutation importance (test RMSE),9
CU,XGBoost,casi_verbal_fluency_max,0.00511349257060551,0.004281584025856828,Permutation importance (test RMSE),10
CU,XGBoost,gender_last,0.0047369562455321255,0.009638941426286787,Permutation importance (test RMSE),11
CU,XGBoost,casi_attention_std,0.004215727186054052,0.0016100128393129929,Permutation importance (test RMSE),12
CU,XGBoost,mmse_mean,0.0036334943907734675,0.0038118763959675327,Permutation importance (test RMSE),13
CU,XGBoost,hdl_std,0.003314456837014035,0.0016572284185070174,Permutation importance (test RMSE),14
CU,XGBoost,mmse_max,0.0030056912933378145,0.0022910601492798603,Permutation importance (test RMSE),15
CU,XGBoost,casi_short_term_memory_mean,0.0027115380120692366,0.005309866584535093,Permutation importance (test RMSE),16
CU,XGBoost,casi_abstraction_std,0.00248137330570774,0.012831746707877663,Permutation importance (test RMSE),17
CU,XGBoost,hyperlipidemia_last,0.0019726422038736425,0.007395542782790207,Permutation importance (test RMSE),18
CU,XGBoost,education_mean,0.0016467901836000997,0.0014377243579858105,Permutation importance (test RMSE),19
CU,XGBoost,hdl_missing_last,0.0016261942459809442,0.0016579433517118687,Permutation importance (test RMSE),20
CU,XGBoost,casi_mental_manipulation_mean,0.001616695182229433,0.00170240467138602,Permutation importance (test RMSE),21
CU,XGBoost,apoe_missing_mean,0.0015842566596687036,0.002484366775349827,Permutation importance (test RMSE),22
CU,XGBoost,casi_abstraction_last,0.0014504332793170039,0.0031533408064363076,Permutation importance (test RMSE),23
CU,XGBoost,casi_short_term_memory_last,0.0012872514807728275,0.0035748527187399624,Permutation importance (test RMSE),24
CU,XGBoost,fasting_glucose_max,0.0012019032340308878,0.0033444505511209285,Permutation importance (test RMSE),25
CU,XGBoost,hdl_max,0.0011474275451198001,0.001167681032744187,Permutation importance (test RMSE),26
CU,XGBoost,diabetes_mean,0.0011115665104877604,0.0007247417827606692,Permutation importance (test RMSE),27
CU,XGBoost,vldl_mean,0.0009807525718063704,0.000882221379453605,Permutation importance (test RMSE),28
CU,XGBoost,vldl_min,0.00044433007351880606,0.0005096099238888787,Permutation importance (test RMSE),29
CU,XGBoost,fasting_glucose_mean,0.0003061246083221614,0.001444805845100864,Permutation importance (test RMSE),30
CU,XGBoost,casi_short_term_memory_std,0.0002936420523257821,0.00038955405676391444,Permutation importance (test RMSE),31
CU,XGBoost,has_recent_casi_last,0.00023858429000149782,0.007677510271129718,Permutation importance (test RMSE),32
CU,XGBoost,has_recent_casi_max,0.0002023978783065261,0.00018697920417961016,Permutation importance (test RMSE),33
CU,XGBoost,total_cholesterol_gap_days_log_std,0.00015644562560125365,0.0009840636643122388,Permutation importance (test RMSE),34
CU,XGBoost,vldl_max,0.00015097699733342406,0.000416529434730302,Permutation importance (test RMSE),35
CU,XGBoost,triglyceride_min,0.00010369360043226971,0.00029286619334283314,Permutation importance (test RMSE),36
CU,XGBoost,triglyceride_std,0.00010095913318689532,0.001580765878043055,Permutation importance (test RMSE),37
CU,XGBoost,education_min,9.088126411312957e-05,6.438327570331281e-05,Permutation importance (test RMSE),38
CU,XGBoost,casi_orientation_std,8.379153148420637e-05,0.00029688650919838273,Permutation importance (test RMSE),39
CU,XGBoost,triglyceride_gap_days_log_std,6.0312855904515185e-05,0.0005412184492970273,Permutation importance (test RMSE),40
CU,XGBoost,total_cholesterol_mean,5.985176125199443e-05,0.005431639565565751,Permutation importance (test RMSE),41
CU,XGBoost,casi_drawing_std,5.372841261536698e-05,9.123224923583162e-05,Permutation importance (test RMSE),42
CU,XGBoost,casi_attention_missing_mean,3.6807884534617584e-05,0.00013173323640868886,Permutation importance (test RMSE),43
CU,XGBoost,casi_attention_max,3.6372707535181624e-05,4.3772242977309815e-05,Permutation importance (test RMSE),44
CU,XGBoost,ldl_std,2.878580043423895e-05,2.3434745566456733e-05,Permutation importance (test RMSE),45
CU,XGBoost,casi_attention_min,2.4567655226409578e-05,4.0105619106733344e-05,Permutation importance (test RMSE),46
CU,XGBoost,hyperlipidemia_mean,2.4225097981056543e-05,5.119465538070878e-05,Permutation importance (test RMSE),47
CU,XGBoost,diabetes_min,1.991677481032461e-05,3.809592689726849e-05,Permutation importance (test RMSE),48
CU,XGBoost,hba1c_max,1.7851188341100334e-05,3.064516281847059e-05,Permutation importance (test RMSE),49
CU,XGBoost,gender_max,1.3162682479644916e-05,1.0257568377038184e-05,Permutation importance (test RMSE),50
CU,XGBoost,total_cholesterol_missing_last,8.503697570955148e-06,9.401191391171614e-06,Permutation importance (test RMSE),51
CU,XGBoost,age_first_mmse_max,4.841772238228792e-06,5.988901931624985e-06,Permutation importance (test RMSE),52
CU,XGBoost,triglyceride_max,2.8385598679570024e-06,2.8114568762324406e-06,Permutation importance (test RMSE),53
CU,XGBoost,history_n_visits,2.208463425285023e-06,8.116088736640972e-06,Permutation importance (test RMSE),54
CU,XGBoost,casi_orientation_missing_last,2.2299084780352808e-07,2.8191511824677087e-07,Permutation importance (test RMSE),55
CU,XGBoost,ldl_min,2.0351755083969358e-07,3.141834077988328e-05,Permutation importance (test RMSE),56
CU,XGBoost,hba1c_missing_min,0.0,0.0,Permutation importance (test RMSE),57
CU,XGBoost,hba1c_missing_max,0.0,0.0,Permutation importance (test RMSE),58
CU,XGBoost,triglyceride_gap_days_log_missing_last,0.0,0.0,Permutation importance (test RMSE),59
CU,XGBoost,fasting_glucose_gap_days_log_missing_last,0.0,0.0,Permutation importance (test RMSE),60
CU,XGBoost,hba1c_gap_days_log_missing_last,0.0,0.0,Permutation importance (test RMSE),61
CU,XGBoost,casi_long_term_memory_missing_last,0.0,0.0,Permutation importance (test RMSE),62
CU,XGBoost,casi_short_term_memory_missing_last,0.0,0.0,Permutation importance (test RMSE),63
CU,XGBoost,casi_abstraction_missing_last,0.0,0.0,Permutation importance (test RMSE),64
CU,XGBoost,casi_drawing_missing_last,0.0,0.0,Permutation importance (test RMSE),65
CU,XGBoost,casi_verbal_fluency_missing_last,0.0,0.0,Permutation importance (test RMSE),66
CU,XGBoost,casi_language_missing_last,0.0,0.0,Permutation importance (test RMSE),67
CU,XGBoost,casi_total_missing_last,0.0,0.0,Permutation importance (test RMSE),68
CU,XGBoost,days_since_casi_missing_last,0.0,0.0,Permutation importance (test RMSE),69
CU,XGBoost,cdr_orientation_std,0.0,0.0,Permutation importance (test RMSE),70
CU,XGBoost,cdr_orientation_min,0.0,0.0,Permutation importance (test RMSE),71
CU,XGBoost,cdr_orientation_max,0.0,0.0,Permutation importance (test RMSE),72
CU,XGBoost,cdr_judgment_mean,0.0,0.0,Permutation importance (test RMSE),73
CU,XGBoost,cdr_judgment_std,0.0,0.0,Permutation importance (test RMSE),74
CU,XGBoost,cdr_judgment_min,0.0,0.0,Permutation importance (test RMSE),75
CU,XGBoost,cdr_judgment_max,0.0,0.0,Permutation importance (test RMSE),76
CU,XGBoost,cdr_community_mean,0.0,0.0,Permutation importance (test RMSE),77
CU,XGBoost,triglyceride_missing_last,0.0,0.0,Permutation importance (test RMSE),78
CU,XGBoost,fasting_glucose_missing_last,0.0,0.0,Permutation importance (test RMSE),79
CU,XGBoost,hba1c_missing_last,0.0,0.0,Permutation importance (test RMSE),80
CU,XGBoost,hdl_gap_days_log_missing_last,0.0,0.0,Permutation importance (test RMSE),81
CU,XGBoost,vldl_gap_days_log_missing_last,0.0,0.0,Permutation importance (test RMSE),82
CU,XGBoost,ldl_gap_days_log_missing_last,0.0,0.0,Permutation importance (test RMSE),83
CU,XGBoost,total_cholesterol_gap_days_log_missing_last,0.0,0.0,Permutation importance (test RMSE),84
CU,XGBoost,cdr_personal_care_mean,0.0,0.0,Permutation importance (test RMSE),85
CU,XGBoost,cdr_personal_care_std,0.0,0.0,Permutation importance (test RMSE),86
CU,XGBoost,cdr_personal_care_min,0.0,0.0,Permutation importance (test RMSE),87
CU,XGBoost,cdr_personal_care_max,0.0,0.0,Permutation importance (test RMSE),88
CU,XGBoost,cdr_sob_mean,0.0,0.0,Permutation importance (test RMSE),89
CU,XGBoost,cdr_sob_std,0.0,0.0,Permutation importance (test RMSE),90
CU,XGBoost,cdr_sob_min,0.0,0.0,Permutation importance (test RMSE),91
CU,XGBoost,cdr_sob_max,0.0,0.0,Permutation importance (test RMSE),92
CU,XGBoost,cdr_global_min,0.0,0.0,Permutation importance (test RMSE),93
CU,XGBoost,cdr_global_max,0.0,0.0,Permutation importance (test RMSE),94
CU,XGBoost,cdr_memory_mean,0.0,0.0,Permutation importance (test RMSE),95
CU,XGBoost,cdr_memory_std,0.0,0.0,Permutation importance (test RMSE),96
CU,XGBoost,cdr_memory_min,0.0,0.0,Permutation importance (test RMSE),97
CU,XGBoost,cdr_memory_max,0.0,0.0,Permutation importance (test RMSE),98
CU,XGBoost,cdr_orientation_mean,0.0,0.0,Permutation importance (test RMSE),99
CU,XGBoost,casi_orientation_min,0.0,0.0,Permutation importance (test RMSE),100
CU,XGBoost,casi_orientation_max,0.0,0.0,Permutation importance (test RMSE),101
CU,XGBoost,casi_long_term_memory_mean,0.0,0.0,Permutation importance (test RMSE),102
CU,XGBoost,casi_long_term_memory_min,0.0,0.0,Permutation importance (test RMSE),103
CU,XGBoost,casi_long_term_memory_max,0.0,0.0,Permutation importance (test RMSE),104
CU,XGBoost,cdr_community_std,0.0,0.0,Permutation importance (test RMSE),105
CU,XGBoost,cdr_community_min,0.0,0.0,Permutation importance (test RMSE),106
CU,XGBoost,cdr_community_max,0.0,0.0,Permutation importance (test RMSE),107
CU,XGBoost,cdr_home_hobbies_mean,0.0,0.0,Permutation importance (test RMSE),108
CU,XGBoost,cdr_home_hobbies_std,0.0,0.0,Permutation importance (test RMSE),109
CU,XGBoost,cdr_home_hobbies_min,0.0,0.0,Permutation importance (test RMSE),110
CU,XGBoost,cdr_home_hobbies_max,0.0,0.0,Permutation importance (test RMSE),111
CU,XGBoost,ldl_missing_max,0.0,0.0,Permutation importance (test RMSE),112
CU,XGBoost,total_cholesterol_missing_mean,0.0,0.0,Permutation importance (test RMSE),113
CU,XGBoost,total_cholesterol_missing_std,0.0,0.0,Permutation importance (test RMSE),114
CU,XGBoost,total_cholesterol_missing_min,0.0,0.0,Permutation importance (test RMSE),115
CU,XGBoost,total_cholesterol_missing_max,0.0,0.0,Permutation importance (test RMSE),116
CU,XGBoost,triglyceride_missing_mean,0.0,0.0,Permutation importance (test RMSE),117
CU,XGBoost,triglyceride_missing_std,0.0,0.0,Permutation importance (test RMSE),118
CU,XGBoost,triglyceride_missing_min,0.0,0.0,Permutation importance (test RMSE),119
CU,XGBoost,triglyceride_missing_max,0.0,0.0,Permutation importance (test RMSE),120
CU,XGBoost,fasting_glucose_missing_mean,0.0,0.0,Permutation importance (test RMSE),121
CU,XGBoost,fasting_glucose_missing_std,0.0,0.0,Permutation importance (test RMSE),122
CU,XGBoost,fasting_glucose_missing_min,0.0,0.0,Permutation importance (test RMSE),123
CU,XGBoost,fasting_glucose_missing_max,0.0,0.0,Permutation importance (test RMSE),124
CU,XGBoost,hba1c_missing_mean,0.0,0.0,Permutation importance (test RMSE),125
CU,XGBoost,casi_mental_manipulation_max,0.0,0.0,Permutation importance (test RMSE),126
CU,XGBoost,casi_language_min,0.0,0.0,Permutation importance (test RMSE),127
CU,XGBoost,days_since_casi_mean,0.0,0.0,Permutation importance (test RMSE),128
CU,XGBoost,days_since_casi_std,0.0,0.0,Permutation importance (test RMSE),129
CU,XGBoost,days_since_casi_min,0.0,0.0,Permutation importance (test RMSE),130
CU,XGBoost,days_since_casi_max,0.0,0.0,Permutation importance (test RMSE),131
CU,XGBoost,has_recent_casi_std,0.0,0.0,Permutation importance (test RMSE),132
CU,XGBoost,casi_drawing_max,0.0,0.0,Permutation importance (test RMSE),133
CU,XGBoost,ldl_missing_std,0.0,0.0,Permutation importance (test RMSE),134
CU,XGBoost,ldl_missing_min,0.0,0.0,Permutation importance (test RMSE),135
CU,XGBoost,casi_total_missing_min,0.0,0.0,Permutation importance (test RMSE),136
CU,XGBoost,casi_total_missing_max,0.0,0.0,Permutation importance (test RMSE),137
CU,XGBoost,days_since_casi_missing_mean,0.0,0.0,Permutation importance (test RMSE),138
CU,XGBoost,days_since_casi_missing_std,0.0,0.0,Permutation importance (test RMSE),139
CU,XGBoost,days_since_casi_missing_min,0.0,0.0,Permutation importance (test RMSE),140
CU,XGBoost,days_since_casi_missing_max,0.0,0.0,Permutation importance (test RMSE),141
CU,XGBoost,hdl_missing_mean,0.0,0.0,Permutation importance (test RMSE),142
CU,XGBoost,hdl_missing_std,0.0,0.0,Permutation importance (test RMSE),143
CU,XGBoost,hdl_missing_min,0.0,0.0,Permutation importance (test RMSE),144
CU,XGBoost,hdl_missing_max,0.0,0.0,Permutation importance (test RMSE),145
CU,XGBoost,vldl_missing_mean,0.0,0.0,Permutation importance (test RMSE),146
CU,XGBoost,vldl_missing_std,0.0,0.0,Permutation importance (test RMSE),147
CU,XGBoost,vldl_missing_min,0.0,0.0,Permutation importance (test RMSE),148
CU,XGBoost,vldl_missing_max,0.0,0.0,Permutation importance (test RMSE),149
CU,XGBoost,ldl_missing_mean,0.0,0.0,Permutation importance (test RMSE),150
CU,XGBoost,casi_language_std,0.0,0.0,Permutation importance (test RMSE),151
CU,XGBoost,hba1c_std,0.0,0.0,Permutation importance (test RMSE),152
CU,XGBoost,hba1c_min,0.0,0.0,Permutation importance (test RMSE),153
CU,XGBoost,casi_orientation_last,0.0,0.0,Permutation importance (test RMSE),154
CU,XGBoost,hdl_gap_days_log_min,0.0,0.0,Permutation importance (test RMSE),155
CU,XGBoost,hdl_gap_days_log_max,0.0,0.0,Permutation importance (test RMSE),156
CU,XGBoost,vldl_gap_days_log_mean,0.0,0.0,Permutation importance (test RMSE),157
CU,XGBoost,cdr_global_last,0.0,0.0,Permutation importance (test RMSE),158
CU,XGBoost,cdr_memory_last,0.0,0.0,Permutation importance (test RMSE),159
CU,XGBoost,cdr_orientation_last,0.0,0.0,Permutation importance (test RMSE),160
CU,XGBoost,fasting_glucose_gap_days_log_missing_mean,0.0,0.0,Permutation importance (test RMSE),161
CU,XGBoost,hdl_gap_days_log_missing_std,0.0,0.0,Permutation importance (test RMSE),162
CU,XGBoost,hdl_gap_days_log_missing_min,0.0,0.0,Permutation importance (test RMSE),163
CU,XGBoost,hdl_gap_days_log_missing_max,0.0,0.0,Permutation importance (test RMSE),164
CU,XGBoost,vldl_gap_days_log_missing_mean,0.0,0.0,Permutation importance (test RMSE),165
CU,XGBoost,vldl_gap_days_log_missing_std,0.0,0.0,Permutation importance (test RMSE),166
CU,XGBoost,casi_total_missing_std,0.0,0.0,Permutation importance (test RMSE),167
CU,XGBoost,total_cholesterol_gap_days_log_mean,0.0,0.0,Permutation importance (test RMSE),168
CU,XGBoost,vldl_gap_days_log_missing_min,0.0,0.0,Permutation importance (test RMSE),169
CU,XGBoost,total_cholesterol_gap_days_log_min,0.0,0.0,Permutation importance (test RMSE),170
CU,XGBoost,total_cholesterol_gap_days_log_max,0.0,0.0,Permutation importance (test RMSE),171
CU,XGBoost,triglyceride_gap_days_log_mean,0.0,0.0,Permutation importance (test RMSE),172
CU,XGBoost,vldl_gap_days_log_missing_max,0.0,0.0,Permutation importance (test RMSE),173
CU,XGBoost,triglyceride_gap_days_log_min,0.0,0.0,Permutation importance (test RMSE),174
CU,XGBoost,triglyceride_gap_days_log_max,0.0,0.0,Permutation importance (test RMSE),175
CU,XGBoost,fasting_glucose_gap_days_log_mean,0.0,0.0,Permutation importance (test RMSE),176
CU,XGBoost,ldl_gap_days_log_missing_mean,0.0,0.0,Permutation importance (test RMSE),177
CU,XGBoost,ldl_gap_days_log_missing_std,0.0,0.0,Permutation importance (test RMSE),178
CU,XGBoost,ldl_gap_days_log_missing_min,0.0,0.0,Permutation importance (test RMSE),179
CU,XGBoost,ldl_gap_days_log_missing_max,0.0,0.0,Permutation importance (test RMSE),180
CU,XGBoost,fasting_glucose_min,0.0,0.0,Permutation importance (test RMSE),181
CU,XGBoost,total_cholesterol_gap_days_log_missing_mean,0.0,0.0,Permutation importance (test RMSE),182
CU,XGBoost,hba1c_mean,0.0,0.0,Permutation importance (test RMSE),183
CU,XGBoost,hba1c_gap_days_log_mean,0.0,0.0,Permutation importance (test RMSE),184
CU,XGBoost,hba1c_gap_days_log_std,0.0,0.0,Permutation importance (test RMSE),185
CU,XGBoost,hba1c_gap_days_log_min,0.0,0.0,Permutation importance (test RMSE),186
CU,XGBoost,hba1c_gap_days_log_max,0.0,0.0,Permutation importance (test RMSE),187
CU,XGBoost,age_first_mmse_std,0.0,0.0,Permutation importance (test RMSE),188
CU,XGBoost,cdr_sob_last,0.0,0.0,Permutation importance (test RMSE),189
CU,XGBoost,cdr_personal_care_last,0.0,0.0,Permutation importance (test RMSE),190
CU,XGBoost,education_std,0.0,0.0,Permutation importance (test RMSE),191
CU,XGBoost,cdr_community_last,0.0,0.0,Permutation importance (test RMSE),192
CU,XGBoost,education_max,0.0,0.0,Permutation importance (test RMSE),193
CU,XGBoost,vldl_gap_days_log_min,0.0,0.0,Permutation importance (test RMSE),194
CU,XGBoost,vldl_gap_days_log_max,0.0,0.0,Permutation importance (test RMSE),195
CU,XGBoost,ldl_gap_days_log_mean,0.0,0.0,Permutation importance (test RMSE),196
CU,XGBoost,ldl_gap_days_log_std,0.0,0.0,Permutation importance (test RMSE),197
CU,XGBoost,ldl_gap_days_log_min,0.0,0.0,Permutation importance (test RMSE),198
CU,XGBoost,ldl_gap_days_log_max,0.0,0.0,Permutation importance (test RMSE),199
CU,XGBoost,casi_abstraction_missing_max,0.0,0.0,Permutation importance (test RMSE),200
CU,XGBoost,casi_drawing_missing_mean,0.0,0.0,Permutation importance (test RMSE),201
CU,XGBoost,casi_drawing_missing_std,0.0,0.0,Permutation importance (test RMSE),202
CU,XGBoost,casi_drawing_missing_min,0.0,0.0,Permutation importance (test RMSE),203
CU,XGBoost,casi_drawing_missing_max,0.0,0.0,Permutation importance (test RMSE),204
CU,XGBoost,casi_verbal_fluency_missing_mean,0.0,0.0,Permutation importance (test RMSE),205
CU,XGBoost,casi_verbal_fluency_missing_std,0.0,0.0,Permutation importance (test RMSE),206
CU,XGBoost,casi_verbal_fluency_missing_min,0.0,0.0,Permutation importance (test RMSE),207
CU,XGBoost,casi_verbal_fluency_missing_max,0.0,0.0,Permutation importance (test RMSE),208
CU,XGBoost,casi_language_missing_mean,0.0,0.0,Permutation importance (test RMSE),209
CU,XGBoost,casi_language_missing_std,0.0,0.0,Permutation importance (test RMSE),210
CU,XGBoost,casi_language_missing_min,0.0,0.0,Permutation importance (test RMSE),211
CU,XGBoost,casi_language_missing_max,0.0,0.0,Permutation importance (test RMSE),212
CU,XGBoost,casi_total_missing_mean,0.0,0.0,Permutation importance (test RMSE),213
CU,XGBoost,fasting_glucose_gap_days_log_min,0.0,0.0,Permutation importance (test RMSE),214
CU,XGBoost,fasting_glucose_gap_days_log_max,0.0,0.0,Permutation importance (test RMSE),215
CU,XGBoost,ldl_missing_last,0.0,0.0,Permutation importance (test RMSE),216
CU,XGBoost,hypertension_std,0.0,0.0,Permutation importance (test RMSE),217
CU,XGBoost,hypertension_max,0.0,0.0,Permutation importance (test RMSE),218
CU,XGBoost,hdl_gap_days_log_last,0.0,0.0,Permutation importance (test RMSE),219
CU,XGBoost,diabetes_std,0.0,0.0,Permutation importance (test RMSE),220
CU,XGBoost,vldl_gap_days_log_last,0.0,0.0,Permutation importance (test RMSE),221
CU,XGBoost,diabetes_max,0.0,0.0,Permutation importance (test RMSE),222
CU,XGBoost,ldl_gap_days_log_last,0.0,0.0,Permutation importance (test RMSE),223
CU,XGBoost,hyperlipidemia_std,0.0,0.0,Permutation importance (test RMSE),224
CU,XGBoost,hyperlipidemia_max,0.0,0.0,Permutation importance (test RMSE),225
CU,XGBoost,apoe4_count_std,0.0,0.0,Permutation importance (test RMSE),226
CU,XGBoost,apoe4_count_min,0.0,0.0,Permutation importance (test RMSE),227
CU,XGBoost,apoe4_count_max,0.0,0.0,Permutation importance (test RMSE),228
CU,XGBoost,total_cholesterol_gap_days_log_last,0.0,0.0,Permutation importance (test RMSE),229
CU,XGBoost,casi_abstraction_missing_std,0.0,0.0,Permutation importance (test RMSE),230
CU,XGBoost,casi_abstraction_missing_min,0.0,0.0,Permutation importance (test RMSE),231
CU,XGBoost,casi_long_term_memory_missing_min,0.0,0.0,Permutation importance (test RMSE),232
CU,XGBoost,casi_long_term_memory_missing_max,0.0,0.0,Permutation importance (test RMSE),233
CU,XGBoost,casi_short_term_memory_missing_mean,0.0,0.0,Permutation importance (test RMSE),234
CU,XGBoost,casi_short_term_memory_missing_std,0.0,0.0,Permutation importance (test RMSE),235
CU,XGBoost,casi_short_term_memory_missing_min,0.0,0.0,Permutation importance (test RMSE),236
CU,XGBoost,casi_short_term_memory_missing_max,0.0,0.0,Permutation importance (test RMSE),237
CU,XGBoost,casi_abstraction_missing_mean,0.0,0.0,Permutation importance (test RMSE),238
CU,XGBoost,apoe_missing_std,0.0,0.0,Permutation importance (test RMSE),239
CU,XGBoost,apoe_missing_min,0.0,0.0,Permutation importance (test RMSE),240
CU,XGBoost,apoe_missing_max,0.0,0.0,Permutation importance (test RMSE),241
CU,XGBoost,gender_std,0.0,0.0,Permutation importance (test RMSE),242
CU,XGBoost,gender_min,0.0,0.0,Permutation importance (test RMSE),243
CU,XGBoost,triglyceride_gap_days_log_last,0.0,0.0,Permutation importance (test RMSE),244
CU,XGBoost,visit_gap_log_min,0.0,0.0,Permutation importance (test RMSE),245
CU,XGBoost,casi_mental_manipulation_missing_std,0.0,0.0,Permutation importance (test RMSE),246
CU,XGBoost,casi_mental_manipulation_missing_min,0.0,0.0,Permutation importance (test RMSE),247
CU,XGBoost,cdr_judgment_last,0.0,0.0,Permutation importance (test RMSE),248
CU,XGBoost,fasting_glucose_gap_days_log_missing_min,0.0,0.0,Permutation importance (test RMSE),249
CU,XGBoost,fasting_glucose_gap_days_log_missing_max,0.0,0.0,Permutation importance (test RMSE),250
CU,XGBoost,hba1c_gap_days_log_missing_mean,0.0,0.0,Permutation importance (test RMSE),251
CU,XGBoost,hba1c_gap_days_log_missing_std,0.0,0.0,Permutation importance (test RMSE),252
CU,XGBoost,hba1c_gap_days_log_missing_min,0.0,0.0,Permutation importance (test RMSE),253
CU,XGBoost,hba1c_gap_days_log_missing_max,0.0,0.0,Permutation importance (test RMSE),254
CU,XGBoost,casi_attention_missing_std,0.0,0.0,Permutation importance (test RMSE),255
CU,XGBoost,casi_attention_missing_min,0.0,0.0,Permutation importance (test RMSE),256
CU,XGBoost,casi_attention_missing_max,0.0,0.0,Permutation importance (test RMSE),257
CU,XGBoost,casi_orientation_missing_mean,0.0,0.0,Permutation importance (test RMSE),258
CU,XGBoost,casi_orientation_missing_std,0.0,0.0,Permutation importance (test RMSE),259
CU,XGBoost,casi_orientation_missing_min,0.0,0.0,Permutation importance (test RMSE),260
CU,XGBoost,casi_orientation_missing_max,0.0,0.0,Permutation importance (test RMSE),261
CU,XGBoost,casi_long_term_memory_missing_mean,0.0,0.0,Permutation importance (test RMSE),262
CU,XGBoost,hdl_gap_days_log_missing_mean,0.0,0.0,Permutation importance (test RMSE),263
CU,XGBoost,casi_long_term_memory_missing_std,0.0,0.0,Permutation importance (test RMSE),264
CU,XGBoost,casi_long_term_memory_last,0.0,0.0,Permutation importance (test RMSE),265
CU,XGBoost,fasting_glucose_gap_days_log_last,0.0,0.0,Permutation importance (test RMSE),266
CU,XGBoost,hba1c_gap_days_log_last,0.0,0.0,Permutation importance (test RMSE),267
CU,XGBoost,casi_drawing_last,0.0,0.0,Permutation importance (test RMSE),268
CU,XGBoost,days_since_casi_last,0.0,0.0,Permutation importance (test RMSE),269
CU,XGBoost,cdr_home_hobbies_last,0.0,0.0,Permutation importance (test RMSE),270
CU,XGBoost,hba1c_missing_std,0.0,0.0,Permutation importance (test RMSE),271
CU,XGBoost,total_cholesterol_gap_days_log_missing_std,0.0,0.0,Permutation importance (test RMSE),272
CU,XGBoost,total_cholesterol_gap_days_log_missing_min,0.0,0.0,Permutation importance (test RMSE),273
CU,XGBoost,total_cholesterol_gap_days_log_missing_max,0.0,0.0,Permutation importance (test RMSE),274
CU,XGBoost,triglyceride_gap_days_log_missing_mean,0.0,0.0,Permutation importance (test RMSE),275
CU,XGBoost,triglyceride_gap_days_log_missing_std,0.0,0.0,Permutation importance (test RMSE),276
CU,XGBoost,triglyceride_gap_days_log_missing_min,0.0,0.0,Permutation importance (test RMSE),277
CU,XGBoost,triglyceride_gap_days_log_missing_max,0.0,0.0,Permutation importance (test RMSE),278
CU,XGBoost,fasting_glucose_gap_days_log_missing_std,0.0,0.0,Permutation importance (test RMSE),279
CU,XGBoost,casi_drawing_min,-9.747435922691228e-07,3.637060336890471e-06,Permutation importance (test RMSE),280
CU,XGBoost,casi_total_std,-1.8745363265182392e-06,6.6060305296841824e-06,Permutation importance (test RMSE),281
CU,XGBoost,casi_mental_manipulation_min,-2.0113207344185645e-06,3.952627860854089e-06,Permutation importance (test RMSE),282
CU,XGBoost,total_cholesterol_max,-2.1414850374712468e-06,4.783305301134346e-06,Permutation importance (test RMSE),283
CU,XGBoost,triglyceride_mean,-2.7102799682321432e-06,1.0745476261041263e-05,Permutation importance (test RMSE),284
CU,XGBoost,vldl_gap_days_log_std,-4.484535447113469e-06,2.279268376923974e-06,Permutation importance (test RMSE),285
CU,XGBoost,vldl_missing_last,-9.432163133876737e-06,9.308354720981795e-06,Permutation importance (test RMSE),286
CU,XGBoost,ldl_max,-9.605029164172496e-06,1.9180561065008644e-05,Permutation importance (test RMSE),287
CU,XGBoost,apoe4_count_mean,-1.7118387010417458e-05,4.263584768840358e-05,Permutation importance (test RMSE),288
CU,XGBoost,casi_verbal_fluency_min,-1.9426198104671722e-05,2.047107131481055e-05,Permutation importance (test RMSE),289
CU,XGBoost,casi_drawing_mean,-2.8455895989898396e-05,1.355190810825901e-05,Permutation importance (test RMSE),290
CU,XGBoost,hyperlipidemia_min,-4.001711249805862e-05,2.0681880132582657e-05,Permutation importance (test RMSE),291
CU,XGBoost,fasting_glucose_std,-4.8814697756166536e-05,0.0007788464925336713,Permutation importance (test RMSE),292
CU,XGBoost,casi_language_max,-9.500129212369757e-05,6.138640045021006e-05,Permutation importance (test RMSE),293
CU,XGBoost,visit_gap_log_std,-9.578223714731826e-05,0.020858443543524927,Permutation importance (test RMSE),294
CU,XGBoost,casi_mental_manipulation_last,-0.0002403228958228698,0.0002247783635702792,Permutation importance (test RMSE),295
CU,XGBoost,casi_attention_missing_last,-0.0002791486172202595,0.00021250536508593014,Permutation importance (test RMSE),296
CU,XGBoost,casi_language_last,-0.0002830169120421722,0.0006781457660933759,Permutation importance (test RMSE),297
CU,XGBoost,hdl_min,-0.00029942746859324966,0.002033444367004403,Permutation importance (test RMSE),298
CU,XGBoost,casi_mental_manipulation_std,-0.0003912814320054414,0.00021972690552901316,Permutation importance (test RMSE),299
CU,XGBoost,casi_total_min,-0.0004046327979125408,0.00030197186656950636,Permutation importance (test RMSE),300
CU,XGBoost,fasting_glucose_gap_days_log_std,-0.0004054479816437306,0.0012918492185424726,Permutation importance (test RMSE),301
CU,XGBoost,casi_abstraction_max,-0.00040722125211393735,0.0003426636045568408,Permutation importance (test RMSE),302
CU,XGBoost,cdr_global_std,-0.0005086362558456625,0.00021366996572257698,Permutation importance (test RMSE),303
CU,XGBoost,casi_abstraction_mean,-0.0005648251143206884,0.0005062058351417226,Permutation importance (test RMSE),304
CU,XGBoost,cdr_global_mean,-0.0005713542127048499,0.0064349909289686084,Permutation importance (test RMSE),305
CU,XGBoost,hdl_mean,-0.0006164763284031815,0.0017201778802443893,Permutation importance (test RMSE),306
CU,XGBoost,casi_language_mean,-0.0007249759203725503,0.0007764155853583218,Permutation importance (test RMSE),307
CU,XGBoost,casi_verbal_fluency_last,-0.0007784480824449159,0.0007711534319480228,Permutation importance (test RMSE),308
CU,XGBoost,gender_mean,-0.0007870048128160001,0.002456657930303318,Permutation importance (test RMSE),309
CU,XGBoost,casi_short_term_memory_min,-0.0007958068802217999,0.014624468598271117,Permutation importance (test RMSE),310
CU,XGBoost,casi_attention_last,-0.000991653344667115,0.000625522122338356,Permutation importance (test RMSE),311
CU,XGBoost,casi_abstraction_min,-0.0011002881398643805,0.002864212978352683,Permutation importance (test RMSE),312
CU,XGBoost,total_cholesterol_min,-0.0011497323118892123,0.005417520594787516,Permutation importance (test RMSE),313
CU,XGBoost,fasting_glucose_last,-0.001155935504637945,0.0016173911311041895,Permutation importance (test RMSE),314
CU,XGBoost,ldl_mean,-0.0011578943677911346,0.0005954331043625635,Permutation importance (test RMSE),315
CU,XGBoost,hdl_gap_days_log_mean,-0.0012269808333331856,0.0015277649039194272,Permutation importance (test RMSE),316
CU,XGBoost,hba1c_last,-0.0013385774376519666,0.0010174387380419952,Permutation importance (test RMSE),317
CU,XGBoost,casi_mental_manipulation_missing_last,-0.0013390818395626392,0.00136517388384654,Permutation importance (test RMSE),318
CU,XGBoost,mmse_min,-0.001534036638267916,0.001693634061638,Permutation importance (test RMSE),319
CU,XGBoost,casi_total_max,-0.0017193729599561613,0.0012569659539791896,Permutation importance (test RMSE),320
CU,XGBoost,casi_orientation_mean,-0.0017452164314977036,0.0019658043989179237,Permutation importance (test RMSE),321
CU,XGBoost,ldl_last,-0.0018316534493651227,0.004911776705261629,Permutation importance (test RMSE),322
CU,XGBoost,has_recent_casi_min,-0.002246405201232776,0.0024499825704249606,Permutation importance (test RMSE),323
CU,XGBoost,hdl_gap_days_log_std,-0.002317952341627827,0.009860542024201864,Permutation importance (test RMSE),324
CU,XGBoost,casi_long_term_memory_std,-0.0023350274741000153,0.008584092988992929,Permutation importance (test RMSE),325
CU,XGBoost,casi_verbal_fluency_mean,-0.0023970236119456255,0.001776085876210177,Permutation importance (test RMSE),326
CU,XGBoost,diabetes_last,-0.0024829340542451782,0.0020064994780027556,Permutation importance (test RMSE),327
CU,XGBoost,casi_mental_manipulation_missing_max,-0.0030770853330249147,0.002005643138821083,Permutation importance (test RMSE),328
CU,XGBoost,triglyceride_last,-0.003260439002073068,0.001577270416153856,Permutation importance (test RMSE),329
CU,XGBoost,casi_total_mean,-0.0032910721708028557,0.002112493879071588,Permutation importance (test RMSE),330
CU,XGBoost,hypertension_min,-0.003824253193067939,0.004918536114187743,Permutation importance (test RMSE),331
CU,XGBoost,total_cholesterol_last,-0.003997530736970789,0.003135473504455321,Permutation importance (test RMSE),332
CU,XGBoost,hypertension_mean,-0.004901307423952455,0.00621316204370937,Permutation importance (test RMSE),333
CU,XGBoost,visit_gap_log_max,-0.005665779218264383,0.012461075631176521,Permutation importance (test RMSE),334
CU,XGBoost,vldl_last,-0.007037379937632255,0.004692651967922504,Permutation importance (test RMSE),335
CU,XGBoost,casi_total_last,-0.007819044883966276,0.005335884758318437,Permutation importance (test RMSE),336
CU,XGBoost,casi_mental_manipulation_missing_mean,-0.007983426750904821,0.0049241688262253195,Permutation importance (test RMSE),337
CU,XGBoost,casi_attention_mean,-0.008554209218113229,0.010738706798750327,Permutation importance (test RMSE),338
CU,XGBoost,age_first_mmse_min,-0.010115178750267878,0.011135312111120281,Permutation importance (test RMSE),339
CU,XGBoost,age_first_mmse_mean,-0.016462125077053757,0.016940720799039008,Permutation importance (test RMSE),340
CU,XGBoost,total_cholesterol_std,-0.01749037679126213,0.015661404153311298,Permutation importance (test RMSE),341
CU,XGBoost,hypertension_last,-0.02571152777472376,0.030463523863075243,Permutation importance (test RMSE),342
CU,XGBoost,history_span_days,-0.025731753911732956,0.02267225553423165,Permutation importance (test RMSE),343
CU,XGBoost,visit_gap_log_mean,-0.031232908055266635,0.06612649564895923,Permutation importance (test RMSE),344
CU,XGBoost,has_recent_casi_mean,-0.031842913223573244,0.02090969690330564,Permutation importance (test RMSE),345
CU,XGBoost,age_first_mmse_last,-0.04227519007840872,0.04291314931016417,Permutation importance (test RMSE),346
CU,XGBoost,visit_gap_log_last,-0.04723011163184821,0.06483097998021073,Permutation importance (test RMSE),347
non-AD,Random Forest,mmse_last,0.026736677178611924,0.011754534392657638,Permutation importance (test RMSE),1
non-AD,Random Forest,mmse_min,0.021357298991383326,0.009696457109757096,Permutation importance (test RMSE),2
non-AD,Random Forest,mmse_mean,0.01869888486775094,0.010369436798194902,Permutation importance (test RMSE),3
non-AD,Random Forest,casi_total_last,0.00784919283037871,0.004472036924133652,Permutation importance (test RMSE),4
non-AD,Random Forest,mmse_max,0.006147738299745925,0.003237299514020378,Permutation importance (test RMSE),5
non-AD,Random Forest,casi_language_min,0.004864424276199314,0.0028535258146499486,Permutation importance (test RMSE),6
non-AD,Random Forest,casi_language_mean,0.004237316294573928,0.0038542774319757513,Permutation importance (test RMSE),7
non-AD,Random Forest,casi_abstraction_min,0.003940455652715713,0.0019383312060755988,Permutation importance (test RMSE),8
non-AD,Random Forest,casi_total_min,0.003824295687954146,0.003931737408953017,Permutation importance (test RMSE),9
non-AD,Random Forest,casi_total_mean,0.0029548282426389875,0.004801900966233399,Permutation importance (test RMSE),10
non-AD,Random Forest,casi_orientation_mean,0.0027921143381763993,0.0020220229311705214,Permutation importance (test RMSE),11
non-AD,Random Forest,casi_mental_manipulation_mean,0.0026719417784182133,0.002522353401384671,Permutation importance (test RMSE),12
non-AD,Random Forest,casi_language_last,0.002280955512195007,0.0011760792487330758,Permutation importance (test RMSE),13
non-AD,Random Forest,casi_short_term_memory_min,0.002215084201766071,0.001788203915740455,Permutation importance (test RMSE),14
non-AD,Random Forest,casi_verbal_fluency_mean,0.0021563606877272766,0.0013497351074391473,Permutation importance (test RMSE),15
non-AD,Random Forest,casi_orientation_last,0.002151306934999997,0.0008221768569579126,Permutation importance (test RMSE),16
non-AD,Random Forest,casi_language_missing_mean,0.00205365295958522,0.001274380553974214,Permutation importance (test RMSE),17
non-AD,Random Forest,fasting_glucose_mean,0.0017075033678360997,0.00036786879027957115,Permutation importance (test RMSE),18
non-AD,Random Forest,casi_mental_manipulation_min,0.001597157252571557,0.0018983284169818444,Permutation importance (test RMSE),19
non-AD,Random Forest,casi_mental_manipulation_missing_mean,0.001577681782385934,0.0013228463790404767,Permutation importance (test RMSE),20
non-AD,Random Forest,casi_total_max,0.0014817591322679098,0.0012542509912822782,Permutation importance (test RMSE),21
non-AD,Random Forest,casi_orientation_missing_mean,0.001413784460982412,0.0008528598579562995,Permutation importance (test RMSE),22
non-AD,Random Forest,casi_mental_manipulation_last,0.0013470514276047757,0.0010836230532473455,Permutation importance (test RMSE),23
non-AD,Random Forest,casi_long_term_memory_mean,0.0013460589015561908,0.0018280019421961305,Permutation importance (test RMSE),24
non-AD,Random Forest,casi_orientation_min,0.0012344773025352751,0.0018377891795365198,Permutation importance (test RMSE),25
non-AD,Random Forest,casi_long_term_memory_last,0.0012145779309603061,0.0010316180465014563,Permutation importance (test RMSE),26
non-AD,Random Forest,casi_long_term_memory_min,0.0011830662170128764,0.0013466511211890654,Permutation importance (test RMSE),27
non-AD,Random Forest,casi_language_std,0.0011308863234675726,0.001125485661827113,Permutation importance (test RMSE),28
non-AD,Random Forest,casi_language_max,0.0010449386597654931,0.0011993777888334545,Permutation importance (test RMSE),29
non-AD,Random Forest,casi_verbal_fluency_missing_mean,0.0009444431596755982,0.00045980792270716416,Permutation importance (test RMSE),30
non-AD,Random Forest,education_min,0.0009275688671254196,0.0007622093282902408,Permutation importance (test RMSE),31
non-AD,Random Forest,hba1c_last,0.0009132790135664426,0.0005281288582774894,Permutation importance (test RMSE),32
non-AD,Random Forest,casi_drawing_missing_mean,0.0007579017671711846,0.0005360209092638142,Permutation importance (test RMSE),33
non-AD,Random Forest,casi_abstraction_mean,0.0006741386107814134,0.001456186317048977,Permutation importance (test RMSE),34
non-AD,Random Forest,casi_drawing_min,0.0006496659074980676,0.0006483845675595225,Permutation importance (test RMSE),35
non-AD,Random Forest,vldl_missing_min,0.0006495099926172587,0.0003961721670714535,Permutation importance (test RMSE),36
non-AD,Random Forest,education_max,0.000631282533676178,0.00039508917145438676,Permutation importance (test RMSE),37
non-AD,Random Forest,casi_abstraction_missing_mean,0.0006307632135830133,0.0004437657020008191,Permutation importance (test RMSE),38
non-AD,Random Forest,casi_abstraction_last,0.0005727034272345277,0.0005294688537730188,Permutation importance (test RMSE),39
non-AD,Random Forest,casi_total_missing_mean,0.0005725178157657996,0.0004283898193714588,Permutation importance (test RMSE),40
non-AD,Random Forest,fasting_glucose_last,0.0005343118381431367,0.0004417301765360487,Permutation importance (test RMSE),41
non-AD,Random Forest,total_cholesterol_missing_min,0.0005270164573360992,0.0003151631947696431,Permutation importance (test RMSE),42
non-AD,Random Forest,education_last,0.0005258953602214122,0.0007078424898900749,Permutation importance (test RMSE),43
non-AD,Random Forest,hdl_last,0.0005017570832493934,0.0006375740354686631,Permutation importance (test RMSE),44
non-AD,Random Forest,hdl_missing_max,0.0004947916954129883,0.000334928255911002,Permutation importance (test RMSE),45
non-AD,Random Forest,vldl_gap_days_log_mean,0.0004862900431910344,0.0005342035575967715,Permutation importance (test RMSE),46
non-AD,Random Forest,casi_long_term_memory_max,0.00048502474445851206,0.000258246142387616,Permutation importance (test RMSE),47
non-AD,Random Forest,hdl_gap_days_log_std,0.0004598249953876532,0.0002979385399577501,Permutation importance (test RMSE),48
non-AD,Random Forest,casi_short_term_memory_last,0.00045408914761558005,0.0010626200762298972,Permutation importance (test RMSE),49
non-AD,Random Forest,days_since_casi_missing_mean,0.00044454243480865905,0.0003965367048885871,Permutation importance (test RMSE),50
non-AD,Random Forest,cdr_community_max,0.0004400440793661781,0.0035427609092321993,Permutation importance (test RMSE),51
non-AD,Random Forest,ldl_std,0.0004284805900953509,0.0004130747843687756,Permutation importance (test RMSE),52
non-AD,Random Forest,history_n_visits,0.00040304559243047045,0.0004781435500365357,Permutation importance (test RMSE),53
non-AD,Random Forest,visit_gap_log_std,0.000385048669773011,0.00036139414748330326,Permutation importance (test RMSE),54
non-AD,Random Forest,fasting_glucose_gap_days_log_mean,0.0003676960475303942,0.000497264335083903,Permutation importance (test RMSE),55
non-AD,Random Forest,fasting_glucose_max,0.00036757714087768957,0.00018949290227647547,Permutation importance (test RMSE),56
non-AD,Random Forest,triglyceride_mean,0.00036359025264189884,0.0003428212117572081,Permutation importance (test RMSE),57
non-AD,Random Forest,triglyceride_gap_days_log_missing_last,0.00035402931787589245,0.00024756115309891764,Permutation importance (test RMSE),58
non-AD,Random Forest,visit_gap_log_max,0.000341020172563411,0.0005601443875021586,Permutation importance (test RMSE),59
non-AD,Random Forest,cdr_community_std,0.00034095146334543747,0.0008131323611431457,Permutation importance (test RMSE),60
non-AD,Random Forest,hba1c_mean,0.0003276756698989941,0.0004718766052570656,Permutation importance (test RMSE),61
non-AD,Random Forest,casi_mental_manipulation_std,0.00030399358425568513,0.00038256450606598177,Permutation importance (test RMSE),62
non-AD,Random Forest,education_mean,0.0003039927716208646,0.0007796062788684143,Permutation importance (test RMSE),63
non-AD,Random Forest,total_cholesterol_missing_mean,0.0003039394045350974,0.0002323423775414022,Permutation importance (test RMSE),64
non-AD,Random Forest,vldl_gap_days_log_missing_last,0.0002920650342353004,0.0001620540234246113,Permutation importance (test RMSE),65
non-AD,Random Forest,casi_long_term_memory_missing_std,0.00027543870371425915,0.0003175291268791482,Permutation importance (test RMSE),66
non-AD,Random Forest,fasting_glucose_min,0.00027375729841471185,0.00023916057346052023,Permutation importance (test RMSE),67
non-AD,Random Forest,casi_verbal_fluency_min,0.0002716894712837759,0.0014809678812560678,Permutation importance (test RMSE),68
non-AD,Random Forest,hba1c_gap_days_log_missing_mean,0.00026125092221438996,0.00021053274928440135,Permutation importance (test RMSE),69
non-AD,Random Forest,casi_abstraction_missing_last,0.0002533435898891212,0.0001511846865074749,Permutation importance (test RMSE),70
non-AD,Random Forest,casi_long_term_memory_missing_mean,0.0002523905689684663,0.0003944745506804945,Permutation importance (test RMSE),71
non-AD,Random Forest,triglyceride_last,0.0002448024372094959,0.0002845256638813119,Permutation importance (test RMSE),72
non-AD,Random Forest,fasting_glucose_std,0.00022424493208934583,0.0002638870390411402,Permutation importance (test RMSE),73
non-AD,Random Forest,ldl_gap_days_log_std,0.00021851240091366465,0.0002694816524347028,Permutation importance (test RMSE),74
non-AD,Random Forest,vldl_gap_days_log_std,0.0002147709523610486,0.00021345615203506428,Permutation importance (test RMSE),75
non-AD,Random Forest,hba1c_min,0.00021468634167089162,0.0002466037739685927,Permutation importance (test RMSE),76
non-AD,Random Forest,fasting_glucose_missing_last,0.0002099576433725159,0.00010695878599523822,Permutation importance (test RMSE),77
non-AD,Random Forest,hyperlipidemia_min,0.00020303718198065867,0.00017965389922500224,Permutation importance (test RMSE),78
non-AD,Random Forest,mmse_std,0.00020234982207406328,0.0007305943697772636,Permutation importance (test RMSE),79
non-AD,Random Forest,casi_long_term_memory_missing_max,0.00019729414545434641,0.00021219221435095893,Permutation importance (test RMSE),80
non-AD,Random Forest,casi_attention_missing_mean,0.00019522489086494234,0.00015114729581939998,Permutation importance (test RMSE),81
non-AD,Random Forest,triglyceride_gap_days_log_missing_max,0.00018896617480004542,0.00010774753004394222,Permutation importance (test RMSE),82
non-AD,Random Forest,casi_language_missing_last,0.00018330240187453827,0.00018083776057441488,Permutation importance (test RMSE),83
non-AD,Random Forest,casi_language_missing_max,0.00018124318889721215,0.00010135337230977709,Permutation importance (test RMSE),84
non-AD,Random Forest,has_recent_casi_last,0.00018090227110026947,9.746611655023705e-05,Permutation importance (test RMSE),85
non-AD,Random Forest,fasting_glucose_gap_days_log_std,0.00017649356220525992,0.0005964392641192143,Permutation importance (test RMSE),86
non-AD,Random Forest,casi_verbal_fluency_max,0.0001761509872639011,0.0005264651243118919,Permutation importance (test RMSE),87
non-AD,Random Forest,vldl_mean,0.00017580023213288054,0.0004213347964010045,Permutation importance (test RMSE),88
non-AD,Random Forest,apoe4_count_last,0.00017227504106321346,0.00010680781898958524,Permutation importance (test RMSE),89
non-AD,Random Forest,total_cholesterol_gap_days_log_mean,0.0001703130927911245,0.00018446576072812676,Permutation importance (test RMSE),90
non-AD,Random Forest,hyperlipidemia_last,0.00016482633928719125,9.973337615694799e-05,Permutation importance (test RMSE),91
non-AD,Random Forest,casi_short_term_memory_missing_std,0.00016468776592547252,0.00012935056686833033,Permutation importance (test RMSE),92
non-AD,Random Forest,casi_short_term_memory_missing_mean,0.0001643319787575953,0.00010982993690172636,Permutation importance (test RMSE),93
non-AD,Random Forest,hba1c_gap_days_log_max,0.00016354947162188215,0.00038983857311823743,Permutation importance (test RMSE),94
non-AD,Random Forest,casi_abstraction_missing_std,0.00015796674339918493,0.00024467697874610466,Permutation importance (test RMSE),95
non-AD,Random Forest,vldl_missing_mean,0.00014750431172377566,0.0001319158527818462,Permutation importance (test RMSE),96
non-AD,Random Forest,casi_orientation_missing_std,0.00014699538005525926,0.00019031059877309666,Permutation importance (test RMSE),97
non-AD,Random Forest,ldl_mean,0.00014442698641290997,0.000450078163470846,Permutation importance (test RMSE),98
non-AD,Random Forest,has_recent_casi_min,0.0001419788185158255,7.063611571615532e-05,Permutation importance (test RMSE),99
non-AD,Random Forest,casi_mental_manipulation_missing_max,0.0001339112156278688,0.0001069529032283749,Permutation importance (test RMSE),100
non-AD,Random Forest,cdr_home_hobbies_last,0.0001288882335155339,0.0016573311109713703,Permutation importance (test RMSE),101
non-AD,Random Forest,total_cholesterol_gap_days_log_std,0.00012647487370530673,0.00030137779380122096,Permutation importance (test RMSE),102
non-AD,Random Forest,cdr_home_hobbies_std,0.00011906789273567475,0.0008113742413147374,Permutation importance (test RMSE),103
non-AD,Random Forest,total_cholesterol_gap_days_log_missing_min,0.0001179888192126971,0.0001981922136551279,Permutation importance (test RMSE),104
non-AD,Random Forest,days_since_casi_missing_last,0.0001150057258970466,0.00011970637882339879,Permutation importance (test RMSE),105
non-AD,Random Forest,vldl_min,0.0001123514573448281,0.00019102535314424073,Permutation importance (test RMSE),106
non-AD,Random Forest,casi_attention_missing_std,0.00011140754375378036,0.00012501175401633522,Permutation importance (test RMSE),107
non-AD,Random Forest,casi_abstraction_missing_max,0.00011049742685932951,7.116656351465999e-05,Permutation importance (test RMSE),108
non-AD,Random Forest,casi_verbal_fluency_missing_std,0.0001088233177488962,0.0002143805895316129,Permutation importance (test RMSE),109
non-AD,Random Forest,fasting_glucose_gap_days_log_missing_mean,0.00010870620942521336,9.994699960429385e-05,Permutation importance (test RMSE),110
non-AD,Random Forest,casi_verbal_fluency_last,0.00010764887757558906,0.0009670482207982271,Permutation importance (test RMSE),111
non-AD,Random Forest,has_recent_casi_max,0.00010686732377503672,4.214016508408617e-05,Permutation importance (test RMSE),112
non-AD,Random Forest,total_cholesterol_missing_last,0.00010649940769962007,0.00012780590511732109,Permutation importance (test RMSE),113
non-AD,Random Forest,vldl_gap_days_log_missing_min,0.00010531132573217139,0.00011198010500523558,Permutation importance (test RMSE),114
non-AD,Random Forest,casi_mental_manipulation_missing_std,0.00010174875984161335,7.926393799796293e-05,Permutation importance (test RMSE),115
non-AD,Random Forest,has_recent_casi_mean,9.951397491669012e-05,0.0002093908710071641,Permutation importance (test RMSE),116
non-AD,Random Forest,vldl_gap_days_log_missing_max,8.73310373443792e-05,7.041885931152438e-05,Permutation importance (test RMSE),117
non-AD,Random Forest,hba1c_missing_mean,7.334681896780937e-05,7.552578019807979e-05,Permutation importance (test RMSE),118
non-AD,Random Forest,casi_drawing_missing_std,7.163297496845244e-05,0.000156420336145331,Permutation importance (test RMSE),119
non-AD,Random Forest,total_cholesterol_last,7.152394051445355e-05,0.0003052087969333112,Permutation importance (test RMSE),120
non-AD,Random Forest,vldl_missing_last,7.03776922843069e-05,5.957711360362378e-05,Permutation importance (test RMSE),121
non-AD,Random Forest,casi_attention_std,7.037078726778446e-05,0.0005607984132637951,Permutation importance (test RMSE),122
non-AD,Random Forest,casi_verbal_fluency_missing_min,6.788973396204267e-05,0.00014753617639065366,Permutation importance (test RMSE),123
non-AD,Random Forest,fasting_glucose_gap_days_log_missing_min,6.535310544301953e-05,6.0579934856643484e-05,Permutation importance (test RMSE),124
non-AD,Random Forest,casi_short_term_memory_missing_last,6.34447831980356e-05,7.189675567704301e-05,Permutation importance (test RMSE),125
non-AD,Random Forest,hdl_gap_days_log_mean,6.06093573864791e-05,0.00020258239336612267,Permutation importance (test RMSE),126
non-AD,Random Forest,casi_attention_min,5.588778184459075e-05,0.000832455400997626,Permutation importance (test RMSE),127
non-AD,Random Forest,vldl_last,5.536421371722666e-05,0.0002654012914285405,Permutation importance (test RMSE),128
non-AD,Random Forest,casi_mental_manipulation_missing_last,5.104159557292043e-05,5.876109768398914e-05,Permutation importance (test RMSE),129
non-AD,Random Forest,gender_last,4.8265636419089764e-05,0.0001247422612348718,Permutation importance (test RMSE),130
non-AD,Random Forest,days_since_casi_missing_std,4.582210074217663e-05,0.00017734030369420418,Permutation importance (test RMSE),131
non-AD,Random Forest,casi_verbal_fluency_missing_last,4.523418937075751e-05,0.0001341733244671488,Permutation importance (test RMSE),132
non-AD,Random Forest,casi_orientation_missing_last,4.366467280606523e-05,3.861646022885573e-05,Permutation importance (test RMSE),133
non-AD,Random Forest,apoe4_count_min,4.00964851476393e-05,0.00013873021429367853,Permutation importance (test RMSE),134
non-AD,Random Forest,total_cholesterol_gap_days_log_missing_mean,4.007928724367726e-05,4.2669552746488074e-05,Permutation importance (test RMSE),135
non-AD,Random Forest,casi_drawing_missing_min,3.7396514574689065e-05,4.22637163353546e-05,Permutation importance (test RMSE),136
non-AD,Random Forest,casi_total_missing_max,3.441130112060154e-05,0.00010118880662215502,Permutation importance (test RMSE),137
non-AD,Random Forest,casi_short_term_memory_missing_min,3.4403176855904435e-05,1.903181678972651e-05,Permutation importance (test RMSE),138
non-AD,Random Forest,total_cholesterol_gap_days_log_missing_max,3.317685012981797e-05,4.500092781565391e-05,Permutation importance (test RMSE),139
non-AD,Random Forest,apoe_missing_max,3.2893708280892776e-05,0.00011421409155944346,Permutation importance (test RMSE),140
non-AD,Random Forest,hypertension_min,2.742239841633798e-05,0.00017776427273627314,Permutation importance (test RMSE),141
non-AD,Random Forest,casi_orientation_missing_max,2.5860736998675748e-05,9.25344494310324e-05,Permutation importance (test RMSE),142
non-AD,Random Forest,casi_short_term_memory_max,2.1560766005379593e-05,0.0007635450271012171,Permutation importance (test RMSE),143
non-AD,Random Forest,hdl_gap_days_log_missing_max,2.091994727502211e-05,1.02802358733646e-05,Permutation importance (test RMSE),144
non-AD,Random Forest,casi_total_missing_min,1.9552160187485955e-05,3.438064646903051e-05,Permutation importance (test RMSE),145
non-AD,Random Forest,total_cholesterol_gap_days_log_last,1.9370630815779277e-05,5.0134115192696864e-05,Permutation importance (test RMSE),146
non-AD,Random Forest,hdl_gap_days_log_last,1.7886338431719052e-05,4.465632486908881e-05,Permutation importance (test RMSE),147
non-AD,Random Forest,triglyceride_gap_days_log_last,1.7192341404606572e-05,6.384406350921015e-05,Permutation importance (test RMSE),148
non-AD,Random Forest,vldl_missing_max,1.3080072468976688e-05,0.00016203893955653596,Permutation importance (test RMSE),149
non-AD,Random Forest,hba1c_gap_days_log_missing_max,1.0122917596208647e-05,4.6803373630364656e-05,Permutation importance (test RMSE),150
non-AD,Random Forest,ldl_gap_days_log_last,7.653280719432942e-06,5.7808216184659265e-05,Permutation importance (test RMSE),151
non-AD,Random Forest,ldl_gap_days_log_missing_last,6.759496286856681e-06,2.6874148551748397e-05,Permutation importance (test RMSE),152
non-AD,Random Forest,casi_long_term_memory_missing_last,6.243252804413734e-06,5.876231756041178e-05,Permutation importance (test RMSE),153
non-AD,Random Forest,fasting_glucose_gap_days_log_missing_max,5.672480242299715e-06,6.197923731240192e-05,Permutation importance (test RMSE),154
non-AD,Random Forest,triglyceride_gap_days_log_missing_mean,5.100535310464948e-06,6.589952099796616e-05,Permutation importance (test RMSE),155
non-AD,Random Forest,casi_mental_manipulation_missing_min,4.441351329456666e-06,2.761350368554175e-05,Permutation importance (test RMSE),156
non-AD,Random Forest,casi_attention_missing_min,2.9026752767308262e-06,3.450894749094421e-05,Permutation importance (test RMSE),157
non-AD,Random Forest,hba1c_gap_days_log_missing_min,2.7793966056982587e-06,1.0986300416096462e-05,Permutation importance (test RMSE),158
non-AD,Random Forest,ldl_gap_days_log_missing_min,1.3295117056610905e-06,9.32553989820809e-06,Permutation importance (test RMSE),159
non-AD,Random Forest,fasting_glucose_gap_days_log_missing_last,5.273801423344437e-07,5.673907578425947e-06,Permutation importance (test RMSE),160
non-AD,Random Forest,ldl_gap_days_log_missing_mean,3.508093246951116e-07,1.8662936482342074e-05,Permutation importance (test RMSE),161
non-AD,Random Forest,ldl_missing_std,-1.6653345369377347e-17,3.554447978966673e-17,Permutation importance (test RMSE),162
non-AD,Random Forest,hypertension_missing_std,-2.4980018054066023e-17,3.7134429310025234e-17,Permutation importance (test RMSE),163
non-AD,Random Forest,diabetes_missing_max,-2.4980018054066023e-17,4.466837161107596e-17,Permutation importance (test RMSE),164
non-AD,Random Forest,fasting_glucose_gap_days_log_min,-2.7755575615628914e-17,4.47545209131181e-17,Permutation importance (test RMSE),165
non-AD,Random Forest,days_since_casi_last,-3.053113317719181e-17,3.7134429310025234e-17,Permutation importance (test RMSE),166
non-AD,Random Forest,apoe4_count_std,-3.053113317719181e-17,4.107450098641758e-17,Permutation importance (test RMSE),167
non-AD,Random Forest,apoe_missing_std,-3.053113317719181e-17,4.4668371611075957e-17,Permutation importance (test RMSE),168
non-AD,Random Forest,hyperlipidemia_missing_mean,-3.053113317719181e-17,4.799387683327046e-17,Permutation importance (test RMSE),169
non-AD,Random Forest,hdl_gap_days_log_min,-3.053113317719181e-17,4.7993876833270456e-17,Permutation importance (test RMSE),170
non-AD,Random Forest,vldl_gap_days_log_missing_std,-3.3306690738754695e-17,4.440892098500626e-17,Permutation importance (test RMSE),171
non-AD,Random Forest,visit_gap_log_min,-3.3306690738754695e-17,3.6821932062951476e-17,Permutation importance (test RMSE),172
non-AD,Random Forest,diabetes_missing_min,-3.3306690738754695e-17,4.440892098500626e-17,Permutation importance (test RMSE),173
non-AD,Random Forest,ldl_gap_days_log_missing_std,-3.608224830031759e-17,3.629512476849844e-17,Permutation importance (test RMSE),174
non-AD,Random Forest,diabetes_missing_last,-3.608224830031759e-17,4.73474651408789e-17,Permutation importance (test RMSE),175
non-AD,Random Forest,triglyceride_gap_days_log_min,-3.608224830031759e-17,4.0317302403097695e-17,Permutation importance (test RMSE),176
non-AD,Random Forest,diabetes_missing_std,-3.8857805861880476e-17,4.6774527435602164e-17,Permutation importance (test RMSE),177
non-AD,Random Forest,hyperlipidemia_missing_max,-4.163336342344337e-17,5.229551148071768e-17,Permutation importance (test RMSE),178
non-AD,Random Forest,gender_std,-4.163336342344337e-17,4.926125993037447e-17,Permutation importance (test RMSE),179
non-AD,Random Forest,days_since_casi_min,-4.163336342344337e-17,5.229551148071768e-17,Permutation importance (test RMSE),180
non-AD,Random Forest,fasting_glucose_missing_std,-4.4408920985006264e-17,4.839349969133126e-17,Permutation importance (test RMSE),181
non-AD,Random Forest,hdl_missing_std,-4.4408920985006264e-17,4.5097472448829337e-17,Permutation importance (test RMSE),182
non-AD,Random Forest,hypertension_std,-4.4408920985006264e-17,4.5097472448829337e-17,Permutation importance (test RMSE),183
non-AD,Random Forest,diabetes_std,-4.4408920985006264e-17,4.5097472448829337e-17,Permutation importance (test RMSE),184
non-AD,Random Forest,triglyceride_gap_days_log_missing_std,-4.718447854656915e-17,5.049684392483059e-17,Permutation importance (test RMSE),185
non-AD,Random Forest,total_cholesterol_gap_days_log_missing_std,-4.718447854656915e-17,4.3973101598190507e-17,Permutation importance (test RMSE),186
non-AD,Random Forest,total_cholesterol_missing_std,-4.718447854656915e-17,4.397310159819051e-17,Permutation importance (test RMSE),187
non-AD,Random Forest,fasting_glucose_gap_days_log_missing_std,-4.718447854656915e-17,4.73474651408789e-17,Permutation importance (test RMSE),188
non-AD,Random Forest,diabetes_missing_mean,-4.718447854656915e-17,4.73474651408789e-17,Permutation importance (test RMSE),189
non-AD,Random Forest,vldl_missing_std,-4.718447854656915e-17,4.73474651408789e-17,Permutation importance (test RMSE),190
non-AD,Random Forest,hyperlipidemia_std,-5.2735593669694933e-17,5.4034339041863456e-17,Permutation importance (test RMSE),191
non-AD,Random Forest,hypertension_missing_last,-5.2735593669694933e-17,4.7993876833270444e-17,Permutation importance (test RMSE),192
non-AD,Random Forest,hyperlipidemia_missing_min,-5.2735593669694933e-17,4.799387683327045e-17,Permutation importance (test RMSE),193
non-AD,Random Forest,hyperlipidemia_missing_last,-5.2735593669694933e-17,5.110343437176304e-17,Permutation importance (test RMSE),194
non-AD,Random Forest,hypertension_missing_max,-5.551115123125783e-17,4.965068306494546e-17,Permutation importance (test RMSE),195
non-AD,Random Forest,hdl_gap_days_log_missing_std,-5.551115123125783e-17,4.965068306494546e-17,Permutation importance (test RMSE),196
non-AD,Random Forest,hba1c_gap_days_log_missing_std,-5.551115123125783e-17,4.2998752849492583e-17,Permutation importance (test RMSE),197
non-AD,Random Forest,hyperlipidemia_missing_std,-5.828670879282072e-17,5.110343437176304e-17,Permutation importance (test RMSE),198
non-AD,Random Forest,triglyceride_missing_std,-5.828670879282072e-17,5.110343437176304e-17,Permutation importance (test RMSE),199
non-AD,Random Forest,hypertension_missing_min,-6.106226635438361e-17,5.5232898094427204e-17,Permutation importance (test RMSE),200
non-AD,Random Forest,age_first_mmse_std,-6.106226635438361e-17,3.885780586188048e-17,Permutation importance (test RMSE),201
non-AD,Random Forest,education_std,-6.38378239159465e-17,4.73474651408789e-17,Permutation importance (test RMSE),202
non-AD,Random Forest,hba1c_missing_std,-6.38378239159465e-17,5.049684392483059e-17,Permutation importance (test RMSE),203
non-AD,Random Forest,hypertension_missing_mean,-7.216449660063518e-17,4.6774527435602164e-17,Permutation importance (test RMSE),204
non-AD,Random Forest,fasting_glucose_gap_days_log_last,-2.428711401047945e-07,0.00010793345834243987,Permutation importance (test RMSE),205
non-AD,Random Forest,vldl_gap_days_log_min,-7.145692163035289e-07,3.7784650303526943e-06,Permutation importance (test RMSE),206
non-AD,Random Forest,hyperlipidemia_max,-4.714177867135016e-06,0.00021476088502444634,Permutation importance (test RMSE),207
non-AD,Random Forest,hdl_missing_last,-5.275362922488314e-06,5.572258618107144e-06,Permutation importance (test RMSE),208
non-AD,Random Forest,fasting_glucose_missing_min,-6.1513612513441895e-06,8.916270906554806e-06,Permutation importance (test RMSE),209
non-AD,Random Forest,casi_long_term_memory_missing_min,-6.533441119413453e-06,2.7368041561464842e-06,Permutation importance (test RMSE),210
non-AD,Random Forest,casi_attention_missing_last,-6.783565929810442e-06,3.859634363635762e-05,Permutation importance (test RMSE),211
non-AD,Random Forest,ldl_gap_days_log_missing_max,-7.320914147471158e-06,1.6970247336842768e-05,Permutation importance (test RMSE),212
non-AD,Random Forest,casi_orientation_missing_min,-8.208418507013594e-06,6.412102822207152e-05,Permutation importance (test RMSE),213
non-AD,Random Forest,hba1c_missing_max,-9.443815742943285e-06,6.607763717457285e-06,Permutation importance (test RMSE),214
non-AD,Random Forest,days_since_casi_missing_min,-1.0195340185242819e-05,0.000110316130984427,Permutation importance (test RMSE),215
non-AD,Random Forest,has_recent_casi_std,-1.052440560843637e-05,0.00011444303337219904,Permutation importance (test RMSE),216
non-AD,Random Forest,hba1c_missing_last,-1.1912144591350038e-05,3.437845233448539e-05,Permutation importance (test RMSE),217
non-AD,Random Forest,total_cholesterol_missing_max,-1.3168944977934306e-05,7.515484588704385e-05,Permutation importance (test RMSE),218
non-AD,Random Forest,casi_total_missing_std,-1.3800275588343736e-05,0.0001251910270538079,Permutation importance (test RMSE),219
non-AD,Random Forest,hba1c_max,-1.6390999100454608e-05,0.0003659295182422904,Permutation importance (test RMSE),220
non-AD,Random Forest,vldl_gap_days_log_max,-1.816602618925911e-05,0.00035694305030514945,Permutation importance (test RMSE),221
non-AD,Random Forest,ldl_gap_days_log_mean,-1.858993723923841e-05,0.00029929347870750485,Permutation importance (test RMSE),222
non-AD,Random Forest,casi_language_missing_min,-1.8894269618349723e-05,3.2692289609607825e-05,Permutation importance (test RMSE),223
non-AD,Random Forest,triglyceride_missing_min,-2.1809948384207688e-05,1.1214754614283673e-05,Permutation importance (test RMSE),224
non-AD,Random Forest,hba1c_gap_days_log_last,-2.2078420360602258e-05,2.9739568507840594e-05,Permutation importance (test RMSE),225
non-AD,Random Forest,history_span_days,-2.280586974031662e-05,0.0006382527589013125,Permutation importance (test RMSE),226
non-AD,Random Forest,casi_short_term_memory_std,-2.500961065030338e-05,0.0003349304844774984,Permutation importance (test RMSE),227
non-AD,Random Forest,triglyceride_gap_days_log_missing_min,-3.0529808548407364e-05,3.8192463060040016e-05,Permutation importance (test RMSE),228
non-AD,Random Forest,hdl_missing_min,-3.1140445628691225e-05,4.555875598957036e-05,Permutation importance (test RMSE),229
non-AD,Random Forest,hypertension_mean,-3.235808205646895e-05,0.0002547066890687135,Permutation importance (test RMSE),230
non-AD,Random Forest,triglyceride_missing_max,-3.28420203203228e-05,4.386314735322598e-05,Permutation importance (test RMSE),231
non-AD,Random Forest,hyperlipidemia_mean,-3.3862655066480005e-05,0.00017727825938753695,Permutation importance (test RMSE),232
non-AD,Random Forest,total_cholesterol_gap_days_log_min,-3.5356082383247724e-05,2.7694254564054087e-06,Permutation importance (test RMSE),233
non-AD,Random Forest,casi_attention_missing_max,-3.730359664075866e-05,4.745843364747213e-05,Permutation importance (test RMSE),234
non-AD,Random Forest,hba1c_gap_days_log_min,-4.028140665809088e-05,3.6295124793800876e-17,Permutation importance (test RMSE),235
non-AD,Random Forest,apoe4_count_max,-4.046848885740917e-05,0.00026931426177689475,Permutation importance (test RMSE),236
non-AD,Random Forest,vldl_gap_days_log_last,-4.1947503120440265e-05,7.818648044077421e-05,Permutation importance (test RMSE),237
non-AD,Random Forest,fasting_glucose_gap_days_log_max,-4.260912471959755e-05,0.00037015853267667863,Permutation importance (test RMSE),238
non-AD,Random Forest,casi_abstraction_missing_min,-4.664635702501252e-05,4.261991240038639e-05,Permutation importance (test RMSE),239
non-AD,Random Forest,days_since_casi_max,-4.6901520908529395e-05,5.1413573191233203e-05,Permutation importance (test RMSE),240
non-AD,Random Forest,hdl_gap_days_log_missing_last,-4.737431794062108e-05,4.604028865020842e-05,Permutation importance (test RMSE),241
non-AD,Random Forest,cdr_community_min,-4.745182648402957e-05,0.0004759025368072881,Permutation importance (test RMSE),242
non-AD,Random Forest,apoe_missing_last,-5.0260996544199134e-05,4.114829252433186e-05,Permutation importance (test RMSE),243
non-AD,Random Forest,hdl_mean,-5.0482842486662684e-05,0.00028606523645130776,Permutation importance (test RMSE),244
non-AD,Random Forest,triglyceride_missing_mean,-5.4863088469422895e-05,5.9835066083464634e-05,Permutation importance (test RMSE),245
non-AD,Random Forest,total_cholesterol_gap_days_log_max,-5.685529484954488e-05,0.00026433975252799325,Permutation importance (test RMSE),246
non-AD,Random Forest,apoe_missing_min,-5.715410300013435e-05,3.3512876873468754e-05,Permutation importance (test RMSE),247
non-AD,Random Forest,casi_total_missing_last,-5.7427375750473966e-05,5.957191265763758e-05,Permutation importance (test RMSE),248
non-AD,Random Forest,fasting_glucose_missing_max,-5.75278914425631e-05,2.3840316987124915e-05,Permutation importance (test RMSE),249
non-AD,Random Forest,hba1c_gap_days_log_missing_last,-5.7620443050146464e-05,4.231408462599556e-05,Permutation importance (test RMSE),250
non-AD,Random Forest,ldl_gap_days_log_min,-6.055529187377617e-05,2.830524446479715e-17,Permutation importance (test RMSE),251
non-AD,Random Forest,casi_language_missing_std,-6.220831263713811e-05,0.00020144693406170443,Permutation importance (test RMSE),252
non-AD,Random Forest,total_cholesterol_min,-6.513595883336776e-05,0.0005549043087679521,Permutation importance (test RMSE),253
non-AD,Random Forest,hdl_gap_days_log_missing_min,-6.560821506774727e-05,5.075185765477206e-05,Permutation importance (test RMSE),254
non-AD,Random Forest,triglyceride_gap_days_log_max,-6.577361146193894e-05,0.0003618858436314493,Permutation importance (test RMSE),255
non-AD,Random Forest,vldl_max,-6.723429703802963e-05,0.00022812934811109,Permutation importance (test RMSE),256
non-AD,Random Forest,vldl_gap_days_log_missing_mean,-6.902665788988959e-05,5.710306695155017e-05,Permutation importance (test RMSE),257
non-AD,Random Forest,hdl_missing_mean,-7.220252255178694e-05,3.359348658953624e-05,Permutation importance (test RMSE),258
non-AD,Random Forest,triglyceride_missing_last,-7.298253495763574e-05,3.055766083169974e-05,Permutation importance (test RMSE),259
non-AD,Random Forest,cdr_orientation_min,-7.452101086640184e-05,0.0004221049008929234,Permutation importance (test RMSE),260
non-AD,Random Forest,ldl_missing_last,-7.975317702874906e-05,6.539980274433085e-05,Permutation importance (test RMSE),261
non-AD,Random Forest,days_since_casi_std,-8.056855321383616e-05,0.00010912420895912513,Permutation importance (test RMSE),262
non-AD,Random Forest,casi_verbal_fluency_missing_max,-8.215497758971568e-05,0.00017351506829654315,Permutation importance (test RMSE),263
non-AD,Random Forest,fasting_glucose_missing_mean,-8.725652860052668e-05,4.733499589010294e-05,Permutation importance (test RMSE),264
non-AD,Random Forest,hba1c_gap_days_log_std,-8.819653195443477e-05,0.00031251165238227224,Permutation importance (test RMSE),265
non-AD,Random Forest,casi_drawing_missing_max,-8.97996673007162e-05,5.099558410139293e-05,Permutation importance (test RMSE),266
non-AD,Random Forest,hba1c_missing_min,-9.01062989528828e-05,6.866009217056271e-05,Permutation importance (test RMSE),267
non-AD,Random Forest,casi_short_term_memory_missing_max,-9.163351116052987e-05,7.156345680106265e-05,Permutation importance (test RMSE),268
non-AD,Random Forest,hdl_gap_days_log_missing_mean,-9.498370289743596e-05,5.336006325469243e-05,Permutation importance (test RMSE),269
non-AD,Random Forest,total_cholesterol_gap_days_log_missing_last,-9.525458738161574e-05,6.0547835989186034e-05,Permutation importance (test RMSE),270
non-AD,Random Forest,hba1c_gap_days_log_mean,-0.00010637608989755298,0.00024892726506886033,Permutation importance (test RMSE),271
non-AD,Random Forest,days_since_casi_mean,-0.00011562557186266254,0.00013203842762429528,Permutation importance (test RMSE),272
non-AD,Random Forest,ldl_gap_days_log_max,-0.0001160136401654327,0.0002214238267768003,Permutation importance (test RMSE),273
non-AD,Random Forest,ldl_missing_mean,-0.0001165758905698283,5.504202183220955e-05,Permutation importance (test RMSE),274
non-AD,Random Forest,casi_long_term_memory_std,-0.00012430916570740637,0.0002504543954024175,Permutation importance (test RMSE),275
non-AD,Random Forest,triglyceride_std,-0.00012839819757649862,0.00019444624894728689,Permutation importance (test RMSE),276
non-AD,Random Forest,apoe4_count_mean,-0.00014213702861559652,7.079812704313561e-05,Permutation importance (test RMSE),277
non-AD,Random Forest,casi_verbal_fluency_std,-0.00014363854438093348,0.00030444677191844474,Permutation importance (test RMSE),278
non-AD,Random Forest,apoe_missing_mean,-0.00014626158118274113,6.705037256688136e-05,Permutation importance (test RMSE),279
non-AD,Random Forest,cdr_personal_care_min,-0.0001513064313727025,0.00012579071465513027,Permutation importance (test RMSE),280
non-AD,Random Forest,diabetes_min,-0.00015430772718540985,0.0005665035714421536,Permutation importance (test RMSE),281
non-AD,Random Forest,visit_gap_log_mean,-0.0001605979596078222,0.0003559758053901207,Permutation importance (test RMSE),282
non-AD,Random Forest,ldl_missing_max,-0.0001613814723208179,7.987809226537603e-05,Permutation importance (test RMSE),283
non-AD,Random Forest,ldl_missing_min,-0.00016476867841624387,8.466399209733703e-05,Permutation importance (test RMSE),284
non-AD,Random Forest,days_since_casi_missing_max,-0.0001750932337882316,9.108993446909654e-05,Permutation importance (test RMSE),285
non-AD,Random Forest,casi_drawing_missing_last,-0.00018390373518837043,9.211356239086523e-05,Permutation importance (test RMSE),286
non-AD,Random Forest,vldl_std,-0.00020761004575087783,0.0003620302939478179,Permutation importance (test RMSE),287
non-AD,Random Forest,casi_drawing_max,-0.0002150990020390875,0.00020508493670664957,Permutation importance (test RMSE),288
non-AD,Random Forest,total_cholesterol_max,-0.00021651170698562539,0.00037948654170340333,Permutation importance (test RMSE),289
non-AD,Random Forest,gender_mean,-0.0002197613224529771,0.00020071255030164025,Permutation importance (test RMSE),290
non-AD,Random Forest,diabetes_mean,-0.00022648394433054663,0.0002688466198962798,Permutation importance (test RMSE),291
non-AD,Random Forest,cdr_memory_min,-0.0002280832293207663,0.000515344038406572,Permutation importance (test RMSE),292
non-AD,Random Forest,total_cholesterol_std,-0.00023253350054517062,0.00027529727697383523,Permutation importance (test RMSE),293
non-AD,Random Forest,cdr_judgment_std,-0.0002345602631407512,0.0005165800059388975,Permutation importance (test RMSE),294
non-AD,Random Forest,gender_max,-0.000236777802472532,0.00012752505431477902,Permutation importance (test RMSE),295
non-AD,Random Forest,hba1c_std,-0.00024377196745340167,0.0003210174101314137,Permutation importance (test RMSE),296
non-AD,Random Forest,total_cholesterol_mean,-0.0002753647795414399,0.0004100738418351446,Permutation importance (test RMSE),297
non-AD,Random Forest,diabetes_max,-0.0002758170600627413,0.00023827945113599056,Permutation importance (test RMSE),298
non-AD,Random Forest,casi_drawing_std,-0.0002760212571079168,0.0003792221741420246,Permutation importance (test RMSE),299
non-AD,Random Forest,casi_attention_max,-0.0002826801863664824,0.0006716972884444354,Permutation importance (test RMSE),300
non-AD,Random Forest,triglyceride_min,-0.00029757306569017095,0.00031031209194543025,Permutation importance (test RMSE),301
non-AD,Random Forest,gender_min,-0.00029784250824161084,0.0002238923737576102,Permutation importance (test RMSE),302
non-AD,Random Forest,triglyceride_max,-0.0003268502286107866,0.0005290717082719606,Permutation importance (test RMSE),303
non-AD,Random Forest,cdr_community_last,-0.00033378893874581037,0.004454243556111427,Permutation importance (test RMSE),304
non-AD,Random Forest,age_first_mmse_mean,-0.00036220612465186485,0.0012080219970080303,Permutation importance (test RMSE),305
non-AD,Random Forest,casi_abstraction_std,-0.000365093457223889,0.0003633765777467168,Permutation importance (test RMSE),306
non-AD,Random Forest,hdl_min,-0.00037327284670037877,0.0002576679347911214,Permutation importance (test RMSE),307
non-AD,Random Forest,hypertension_max,-0.0003740936529222971,0.00018045798270881222,Permutation importance (test RMSE),308
non-AD,Random Forest,casi_mental_manipulation_max,-0.0003744029281007588,0.0017824358694615498,Permutation importance (test RMSE),309
non-AD,Random Forest,triglyceride_gap_days_log_std,-0.00038696479316129294,0.0002646298826940727,Permutation importance (test RMSE),310
non-AD,Random Forest,hdl_max,-0.00039252375367108126,0.00047171329000386176,Permutation importance (test RMSE),311
non-AD,Random Forest,hypertension_last,-0.0003999158515077345,0.00015502261974359658,Permutation importance (test RMSE),312
non-AD,Random Forest,hdl_std,-0.0004090570530182025,0.00030990372342536274,Permutation importance (test RMSE),313
non-AD,Random Forest,casi_drawing_mean,-0.0004226665669998436,0.0006112585137629094,Permutation importance (test RMSE),314
non-AD,Random Forest,diabetes_last,-0.0004230795217595257,0.00030724984410763394,Permutation importance (test RMSE),315
non-AD,Random Forest,cdr_personal_care_max,-0.00042699822136904044,0.0007263814447836591,Permutation importance (test RMSE),316
non-AD,Random Forest,visit_gap_log_last,-0.0004329611160456215,0.0005686161148112949,Permutation importance (test RMSE),317
non-AD,Random Forest,cdr_global_std,-0.00043893213979106507,0.0003099557173083612,Permutation importance (test RMSE),318
non-AD,Random Forest,casi_drawing_last,-0.00044209839267545794,0.0007823633213558443,Permutation importance (test RMSE),319
non-AD,Random Forest,cdr_judgment_min,-0.0004592022812876989,0.000564461234314988,Permutation importance (test RMSE),320
non-AD,Random Forest,cdr_memory_std,-0.0004896424817324829,0.0004040355472307875,Permutation importance (test RMSE),321
non-AD,Random Forest,hdl_gap_days_log_max,-0.0004901010252134519,0.00035361205468865584,Permutation importance (test RMSE),322
non-AD,Random Forest,cdr_personal_care_std,-0.000503271078037218,0.00034081479877314604,Permutation importance (test RMSE),323
non-AD,Random Forest,casi_orientation_std,-0.0005379277241093827,0.0005011979652930104,Permutation importance (test RMSE),324
non-AD,Random Forest,cdr_global_min,-0.0005381613011780668,0.0004560062903961961,Permutation importance (test RMSE),325
non-AD,Random Forest,casi_attention_last,-0.0005393934642496323,0.0007239946118653472,Permutation importance (test RMSE),326
non-AD,Random Forest,triglyceride_gap_days_log_mean,-0.0005783791011028438,0.00013871326838113865,Permutation importance (test RMSE),327
non-AD,Random Forest,cdr_orientation_std,-0.0005887937483658179,0.000510754958220449,Permutation importance (test RMSE),328
non-AD,Random Forest,cdr_home_hobbies_min,-0.000614222994129629,0.00027379103514652963,Permutation importance (test RMSE),329
non-AD,Random Forest,ldl_last,-0.0006838469280442044,0.0002903560523768025,Permutation importance (test RMSE),330
non-AD,Random Forest,cdr_personal_care_last,-0.0007413121919217392,0.0009234594126177599,Permutation importance (test RMSE),331
non-AD,Random Forest,ldl_min,-0.0007540880961252799,0.00034522844487757466,Permutation importance (test RMSE),332
non-AD,Random Forest,casi_orientation_max,-0.0007932299675673133,0.0007831975816450349,Permutation importance (test RMSE),333
non-AD,Random Forest,cdr_memory_max,-0.0008119764069301177,0.000532666775437849,Permutation importance (test RMSE),334
non-AD,Random Forest,age_first_mmse_last,-0.0008587332946544624,0.0011590556797291922,Permutation importance (test RMSE),335
non-AD,Random Forest,casi_abstraction_max,-0.0008904049520612912,0.0006100339332140062,Permutation importance (test RMSE),336
non-AD,Random Forest,casi_attention_mean,-0.0009186542307420637,0.0011353631010300603,Permutation importance (test RMSE),337
non-AD,Random Forest,cdr_judgment_last,-0.0009278418994115329,0.001818000974796703,Permutation importance (test RMSE),338
non-AD,Random Forest,age_first_mmse_max,-0.0009594706020770366,0.0008022622606454288,Permutation importance (test RMSE),339
non-AD,Random Forest,ldl_max,-0.0009850475997240204,0.00025329967499770613,Permutation importance (test RMSE),340
non-AD,Random Forest,cdr_sob_std,-0.0009943190584393163,0.00048381494587387017,Permutation importance (test RMSE),341
non-AD,Random Forest,cdr_orientation_last,-0.001004941844249907,0.000903397098940856,Permutation importance (test RMSE),342
non-AD,Random Forest,cdr_judgment_mean,-0.001043445931941614,0.0032346898854224175,Permutation importance (test RMSE),343
non-AD,Random Forest,cdr_orientation_max,-0.0010635608796840195,0.0006768472837679019,Permutation importance (test RMSE),344
non-AD,Random Forest,age_first_mmse_min,-0.0011659531779945776,0.001391340614966834,Permutation importance (test RMSE),345
non-AD,Random Forest,casi_short_term_memory_mean,-0.001705361832318325,0.0012501936152512832,Permutation importance (test RMSE),346
non-AD,Random Forest,cdr_home_hobbies_max,-0.0017874436494040719,0.0015845143132052972,Permutation importance (test RMSE),347
non-AD,Random Forest,cdr_global_mean,-0.0018000103415133305,0.0043642412143738004,Permutation importance (test RMSE),348
non-AD,Random Forest,cdr_global_max,-0.0018282697740586412,0.002143662451921292,Permutation importance (test RMSE),349
non-AD,Random Forest,cdr_judgment_max,-0.0019726816288396483,0.0015868495108885927,Permutation importance (test RMSE),350
non-AD,Random Forest,cdr_memory_mean,-0.0019846852386732035,0.0011728297207764138,Permutation importance (test RMSE),351
non-AD,Random Forest,cdr_global_last,-0.0020783404998481136,0.0037993908587579408,Permutation importance (test RMSE),352
non-AD,Random Forest,cdr_memory_last,-0.002393778736338148,0.0012919931145886807,Permutation importance (test RMSE),353
non-AD,Random Forest,cdr_sob_min,-0.0026381588995421255,0.0007567584408767959,Permutation importance (test RMSE),354
non-AD,Random Forest,casi_total_std,-0.0027319395882796026,0.0007004257276551357,Permutation importance (test RMSE),355
non-AD,Random Forest,cdr_orientation_mean,-0.002821298102578332,0.0013265825419533919,Permutation importance (test RMSE),356
non-AD,Random Forest,cdr_personal_care_mean,-0.0028882422457172153,0.002107364312918651,Permutation importance (test RMSE),357
non-AD,Random Forest,cdr_sob_last,-0.0030561122884670807,0.0037399125934127124,Permutation importance (test RMSE),358
non-AD,Random Forest,cdr_home_hobbies_mean,-0.003968750855429773,0.0038703470972364508,Permutation importance (test RMSE),359
non-AD,Random Forest,cdr_community_mean,-0.005133485335904978,0.0030795965990216842,Permutation importance (test RMSE),360
non-AD,Random Forest,cdr_sob_max,-0.005311335902949776,0.003259927851774856,Permutation importance (test RMSE),361
non-AD,Random Forest,cdr_sob_mean,-0.007790686232903643,0.004353286956810306,Permutation importance (test RMSE),362
non-AD,SVM,mmse_last,0.006451728900523318,0.0012176601831370643,Permutation importance (test RMSE),1
non-AD,SVM,mmse_min,0.005804352254086598,0.001026559394673587,Permutation importance (test RMSE),2
non-AD,SVM,cdr_community_last,0.004688012817272158,0.0007835998962399368,Permutation importance (test RMSE),3
non-AD,SVM,cdr_sob_last,0.004634752455145802,0.0007887991008028757,Permutation importance (test RMSE),4
non-AD,SVM,casi_total_last,0.004631117446778049,0.0009052593249871502,Permutation importance (test RMSE),5
non-AD,SVM,mmse_mean,0.004481544915434765,0.0007370685028587368,Permutation importance (test RMSE),6
non-AD,SVM,cdr_community_max,0.004429716837698527,0.0008240218399322005,Permutation importance (test RMSE),7
non-AD,SVM,cdr_sob_max,0.004385644908566555,0.0008282598458814222,Permutation importance (test RMSE),8
non-AD,SVM,cdr_orientation_last,0.004373933280853714,0.0008254663481881706,Permutation importance (test RMSE),9
non-AD,SVM,cdr_home_hobbies_last,0.004190538845921454,0.000723245487796426,Permutation importance (test RMSE),10
non-AD,SVM,casi_orientation_last,0.0041698363725922675,0.0009785824979599525,Permutation importance (test RMSE),11
non-AD,SVM,casi_total_min,0.004122146292623402,0.0009228072452152656,Permutation importance (test RMSE),12
non-AD,SVM,cdr_home_hobbies_max,0.004069806747762755,0.0007282585623169995,Permutation importance (test RMSE),13
non-AD,SVM,cdr_memory_last,0.0037590645369255716,0.0007407010398957655,Permutation importance (test RMSE),14
non-AD,SVM,cdr_judgment_last,0.00369895008682814,0.0007177077988091057,Permutation importance (test RMSE),15
non-AD,SVM,cdr_orientation_max,0.003695280633035669,0.0009086615073759264,Permutation importance (test RMSE),16
non-AD,SVM,casi_orientation_min,0.0036823856343679573,0.0010448596115243329,Permutation importance (test RMSE),17
non-AD,SVM,cdr_judgment_max,0.0036526163174872618,0.0008032425582696588,Permutation importance (test RMSE),18
non-AD,SVM,cdr_personal_care_max,0.003623663460161297,0.0006141652427355777,Permutation importance (test RMSE),19
non-AD,SVM,casi_long_term_memory_min,0.003505669287931568,0.0007517521311792133,Permutation importance (test RMSE),20
non-AD,SVM,casi_language_min,0.0034604049397461813,0.0007680110105576784,Permutation importance (test RMSE),21
non-AD,SVM,cdr_global_max,0.003364194006998833,0.0006454052927454947,Permutation importance (test RMSE),22
non-AD,SVM,cdr_global_last,0.003298523813203269,0.0006689777853643941,Permutation importance (test RMSE),23
non-AD,SVM,cdr_memory_max,0.0032982690270356276,0.0007442087356837436,Permutation importance (test RMSE),24
non-AD,SVM,mmse_max,0.003272186372431557,0.0005119353721959383,Permutation importance (test RMSE),25
non-AD,SVM,casi_mental_manipulation_last,0.0032031170241118624,0.0007162232327144962,Permutation importance (test RMSE),26
non-AD,SVM,cdr_personal_care_last,0.0030705104883359978,0.0004916988648112955,Permutation importance (test RMSE),27
non-AD,SVM,casi_language_last,0.003065339701208686,0.0006223684017006019,Permutation importance (test RMSE),28
non-AD,SVM,casi_short_term_memory_last,0.003049180415958064,0.0006154218013742132,Permutation importance (test RMSE),29
non-AD,SVM,history_n_visits,0.003046015192514917,0.0010479639992331186,Permutation importance (test RMSE),30
non-AD,SVM,casi_long_term_memory_last,0.0029444408420992775,0.0006114748313094082,Permutation importance (test RMSE),31
non-AD,SVM,casi_total_mean,0.002838021066739921,0.0005395755430545728,Permutation importance (test RMSE),32
non-AD,SVM,casi_drawing_min,0.0025471909397933533,0.0006504989587269133,Permutation importance (test RMSE),33
non-AD,SVM,cdr_community_mean,0.0025226944976693144,0.00040663564562173096,Permutation importance (test RMSE),34
non-AD,SVM,cdr_sob_mean,0.0024940067516699416,0.0004188317811718051,Permutation importance (test RMSE),35
non-AD,SVM,cdr_judgment_mean,0.002468930630507976,0.000472799383250956,Permutation importance (test RMSE),36
non-AD,SVM,casi_mental_manipulation_min,0.002451379817169619,0.0006261538639175203,Permutation importance (test RMSE),37
non-AD,SVM,casi_verbal_fluency_last,0.002392297481046718,0.0005706618998180696,Permutation importance (test RMSE),38
non-AD,SVM,cdr_orientation_mean,0.0023338649944534607,0.0004633252158352339,Permutation importance (test RMSE),39
non-AD,SVM,casi_abstraction_last,0.0023238232904184974,0.0005095243333799226,Permutation importance (test RMSE),40
non-AD,SVM,casi_orientation_mean,0.002307042338724985,0.0005341134761732904,Permutation importance (test RMSE),41
non-AD,SVM,casi_drawing_last,0.002227692888734106,0.0004795528550385252,Permutation importance (test RMSE),42
non-AD,SVM,casi_mental_manipulation_mean,0.0021770707205883586,0.0004315699390971183,Permutation importance (test RMSE),43
non-AD,SVM,cdr_home_hobbies_mean,0.00216061584915801,0.00033380614160799407,Permutation importance (test RMSE),44
non-AD,SVM,casi_short_term_memory_min,0.002157804022528942,0.000639013209080332,Permutation importance (test RMSE),45
non-AD,SVM,casi_short_term_memory_mean,0.0021394082101953704,0.00043909899388043175,Permutation importance (test RMSE),46
non-AD,SVM,cdr_memory_mean,0.002130032757406042,0.0004606319267522653,Permutation importance (test RMSE),47
non-AD,SVM,casi_abstraction_min,0.0019039853031049714,0.0005255765193842788,Permutation importance (test RMSE),48
non-AD,SVM,casi_long_term_memory_mean,0.0019000123776613865,0.0003920922390274881,Permutation importance (test RMSE),49
non-AD,SVM,cdr_global_mean,0.0018403756848626384,0.00033223867486004605,Permutation importance (test RMSE),50
non-AD,SVM,casi_verbal_fluency_min,0.0017646272436987632,0.0005419899825554754,Permutation importance (test RMSE),51
non-AD,SVM,casi_language_mean,0.0017494506517473363,0.0003473118467110065,Permutation importance (test RMSE),52
non-AD,SVM,casi_verbal_fluency_mean,0.0017301811661409316,0.0004935010738483531,Permutation importance (test RMSE),53
non-AD,SVM,casi_attention_last,0.001610223134165517,0.0004699279594412966,Permutation importance (test RMSE),54
non-AD,SVM,cdr_judgment_min,0.0015432915778541168,0.00029317726432079983,Permutation importance (test RMSE),55
non-AD,SVM,casi_mental_manipulation_max,0.0014171762703146073,0.0002997494360265732,Permutation importance (test RMSE),56
non-AD,SVM,casi_total_max,0.0014129240499371476,0.0002895900239252558,Permutation importance (test RMSE),57
non-AD,SVM,casi_abstraction_mean,0.00141008686568308,0.0003405654795673841,Permutation importance (test RMSE),58
non-AD,SVM,casi_attention_min,0.0014025989828643337,0.0005231042841162655,Permutation importance (test RMSE),59
non-AD,SVM,cdr_memory_min,0.0013861141607755146,0.0003196205426973119,Permutation importance (test RMSE),60
non-AD,SVM,casi_verbal_fluency_max,0.0012830143772042057,0.0004385127934499337,Permutation importance (test RMSE),61
non-AD,SVM,cdr_sob_min,0.0012718520574887537,0.00020136888038994015,Permutation importance (test RMSE),62
non-AD,SVM,cdr_community_min,0.0012677744853669183,0.0001868483721585082,Permutation importance (test RMSE),63
non-AD,SVM,casi_short_term_memory_max,0.0012482772977156441,0.00032765924137087685,Permutation importance (test RMSE),64
non-AD,SVM,cdr_personal_care_mean,0.0012341651770471696,0.00019246496620314122,Permutation importance (test RMSE),65
non-AD,SVM,cdr_global_min,0.0012244839858633727,0.00025326208857678,Permutation importance (test RMSE),66
non-AD,SVM,cdr_orientation_min,0.001194834872661066,0.0002220159489133292,Permutation importance (test RMSE),67
non-AD,SVM,casi_drawing_mean,0.0010493783015338987,0.00023544942142872245,Permutation importance (test RMSE),68
non-AD,SVM,cdr_home_hobbies_min,0.0009806522483793156,0.0001565736882787513,Permutation importance (test RMSE),69
non-AD,SVM,casi_orientation_max,0.0008364301624595782,0.00020476873771270356,Permutation importance (test RMSE),70
non-AD,SVM,casi_attention_mean,0.0008192611752191326,0.0002133434336682174,Permutation importance (test RMSE),71
non-AD,SVM,casi_abstraction_max,0.0006453414472035012,0.00022181273483322836,Permutation importance (test RMSE),72
non-AD,SVM,casi_long_term_memory_max,0.0005446680072144939,0.00014238600059674768,Permutation importance (test RMSE),73
non-AD,SVM,casi_language_max,0.0004888825264498853,9.66117545626535e-05,Permutation importance (test RMSE),74
non-AD,SVM,cdr_personal_care_min,0.00034981587991468334,6.256197105311801e-05,Permutation importance (test RMSE),75
non-AD,SVM,education_min,0.000349173632197719,0.00018682465930847192,Permutation importance (test RMSE),76
non-AD,SVM,education_max,0.000349173632197719,0.00018682465930847192,Permutation importance (test RMSE),77
non-AD,SVM,education_mean,0.000349173632192562,0.00018682465930791923,Permutation importance (test RMSE),78
non-AD,SVM,education_last,0.000349173632192562,0.00018682465930791923,Permutation importance (test RMSE),79
non-AD,SVM,cdr_personal_care_std,0.00031281861911290897,6.448416404321761e-05,Permutation importance (test RMSE),80
non-AD,SVM,casi_attention_max,0.00028641486331522635,9.256422516616035e-05,Permutation importance (test RMSE),81
non-AD,SVM,age_first_mmse_mean,0.0002162694112772312,0.0002925792960459126,Permutation importance (test RMSE),82
non-AD,SVM,age_first_mmse_max,0.0002162694112762986,0.0002925792960476406,Permutation importance (test RMSE),83
non-AD,SVM,age_first_mmse_last,0.0002162694112762986,0.0002925792960476406,Permutation importance (test RMSE),84
non-AD,SVM,age_first_mmse_min,0.0002162694112762986,0.0002925792960476406,Permutation importance (test RMSE),85
non-AD,SVM,casi_drawing_std,0.000212874539290292,6.256407510016484e-05,Permutation importance (test RMSE),86
non-AD,SVM,casi_drawing_max,0.00021247886076634638,5.2857164280883506e-05,Permutation importance (test RMSE),87
non-AD,SVM,casi_language_std,0.00019305986672880638,5.4711890911429935e-05,Permutation importance (test RMSE),88
non-AD,SVM,casi_long_term_memory_std,0.0001798350496258039,4.981143171868391e-05,Permutation importance (test RMSE),89
non-AD,SVM,cdr_home_hobbies_std,0.00017499780471595395,5.304816983294418e-05,Permutation importance (test RMSE),90
non-AD,SVM,cdr_community_std,0.00016652038517433465,4.7076924239013686e-05,Permutation importance (test RMSE),91
non-AD,SVM,casi_orientation_std,0.00016494418405650911,7.382915008529223e-05,Permutation importance (test RMSE),92
non-AD,SVM,cdr_sob_std,0.00014223987580201934,3.565079430836568e-05,Permutation importance (test RMSE),93
non-AD,SVM,hdl_min,0.00012848781591229264,9.816045598427766e-05,Permutation importance (test RMSE),94
non-AD,SVM,vldl_max,0.00012003220114134016,0.00011228250929018105,Permutation importance (test RMSE),95
non-AD,SVM,cdr_orientation_std,0.00011235938670638435,3.848915980239898e-05,Permutation importance (test RMSE),96
non-AD,SVM,cdr_judgment_std,0.00010104359766878179,3.087627020986083e-05,Permutation importance (test RMSE),97
non-AD,SVM,cdr_global_std,9.772588378480496e-05,3.2010623435042984e-05,Permutation importance (test RMSE),98
non-AD,SVM,triglyceride_max,9.730350828977552e-05,0.00014116417934344246,Permutation importance (test RMSE),99
non-AD,SVM,casi_total_std,9.547504621986724e-05,3.8783818815670985e-05,Permutation importance (test RMSE),100
non-AD,SVM,cdr_memory_std,8.082386715538292e-05,2.373530818898152e-05,Permutation importance (test RMSE),101
non-AD,SVM,apoe_missing_last,7.874437949949576e-05,0.00021240828584598743,Permutation importance (test RMSE),102
non-AD,SVM,apoe_missing_min,7.874437949874636e-05,0.00021240828583996,Permutation importance (test RMSE),103
non-AD,SVM,apoe_missing_max,7.874437949874636e-05,0.00021240828583996,Permutation importance (test RMSE),104
non-AD,SVM,apoe_missing_mean,7.874437949844659e-05,0.00021240828584301183,Permutation importance (test RMSE),105
non-AD,SVM,hdl_last,6.856900879376738e-05,6.420767511016465e-05,Permutation importance (test RMSE),106
non-AD,SVM,mmse_std,6.0225228874533075e-05,1.934200506380448e-05,Permutation importance (test RMSE),107
non-AD,SVM,hba1c_max,5.8423690425740694e-05,0.0002866717658731638,Permutation importance (test RMSE),108
non-AD,SVM,casi_attention_std,5.758908686032682e-05,4.343568051111644e-05,Permutation importance (test RMSE),109
non-AD,SVM,casi_abstraction_std,4.434925644302701e-05,2.7453819650126264e-05,Permutation importance (test RMSE),110
non-AD,SVM,apoe4_count_last,3.736634392848548e-05,6.0642805125190204e-05,Permutation importance (test RMSE),111
non-AD,SVM,apoe4_count_mean,3.736634392848548e-05,6.0642805125190204e-05,Permutation importance (test RMSE),112
non-AD,SVM,apoe4_count_max,3.736634391542371e-05,6.0642805123896467e-05,Permutation importance (test RMSE),113
non-AD,SVM,apoe4_count_min,3.736634391542371e-05,6.0642805123896467e-05,Permutation importance (test RMSE),114
non-AD,SVM,has_recent_casi_last,3.660092429145778e-05,7.302876214639404e-05,Permutation importance (test RMSE),115
non-AD,SVM,gender_max,3.2307063021552726e-05,7.399686308800008e-05,Permutation importance (test RMSE),116
non-AD,SVM,gender_last,3.2307063021552726e-05,7.399686308800008e-05,Permutation importance (test RMSE),117
non-AD,SVM,gender_min,3.2307063021552726e-05,7.399686308800008e-05,Permutation importance (test RMSE),118
non-AD,SVM,gender_mean,3.230706300885178e-05,7.399686308407941e-05,Permutation importance (test RMSE),119
non-AD,SVM,triglyceride_mean,3.116325950354159e-05,3.5671881609653266e-05,Permutation importance (test RMSE),120
non-AD,SVM,vldl_mean,2.480792327962944e-05,4.1942443380291174e-05,Permutation importance (test RMSE),121
non-AD,SVM,hdl_mean,2.4629369954370928e-05,6.432940436030765e-05,Permutation importance (test RMSE),122
non-AD,SVM,has_recent_casi_min,2.0278276662749616e-05,6.849661541594098e-05,Permutation importance (test RMSE),123
non-AD,SVM,triglyceride_std,1.7196055930956965e-05,1.2716684818392057e-05,Permutation importance (test RMSE),124
non-AD,SVM,casi_short_term_memory_std,1.6902679783031838e-05,2.307911209893758e-05,Permutation importance (test RMSE),125
non-AD,SVM,casi_mental_manipulation_std,1.544331999283055e-05,2.5773470406136053e-05,Permutation importance (test RMSE),126
non-AD,SVM,hdl_std,1.2819203924985256e-05,1.0819751071876846e-05,Permutation importance (test RMSE),127
non-AD,SVM,visit_gap_log_mean,1.1305165064462442e-05,7.012419481522488e-06,Permutation importance (test RMSE),128
non-AD,SVM,hba1c_std,8.926359268512928e-06,2.9768459387004216e-05,Permutation importance (test RMSE),129
non-AD,SVM,hdl_max,8.855113645361844e-06,6.162366620019496e-05,Permutation importance (test RMSE),130
non-AD,SVM,vldl_std,5.349398158616125e-06,1.3222175050783132e-05,Permutation importance (test RMSE),131
non-AD,SVM,visit_gap_log_std,5.204099562605702e-06,1.1226920258308254e-05,Permutation importance (test RMSE),132
non-AD,SVM,casi_abstraction_missing_last,4.8081400581712065e-06,9.694542719845505e-06,Permutation importance (test RMSE),133
non-AD,SVM,casi_drawing_missing_last,4.8081400581712065e-06,9.694542719845505e-06,Permutation importance (test RMSE),134
non-AD,SVM,casi_long_term_memory_missing_last,4.8081400581712065e-06,9.694542719845505e-06,Permutation importance (test RMSE),135
non-AD,SVM,casi_attention_missing_last,4.8081400581712065e-06,9.694542719845505e-06,Permutation importance (test RMSE),136
non-AD,SVM,casi_mental_manipulation_missing_last,4.8081400581712065e-06,9.694542719845505e-06,Permutation importance (test RMSE),137
non-AD,SVM,casi_verbal_fluency_missing_last,4.8081400581712065e-06,9.694542719845505e-06,Permutation importance (test RMSE),138
non-AD,SVM,casi_language_missing_last,4.8081400581712065e-06,9.694542719845505e-06,Permutation importance (test RMSE),139
non-AD,SVM,casi_short_term_memory_missing_last,4.8081400581712065e-06,9.694542719845505e-06,Permutation importance (test RMSE),140
non-AD,SVM,casi_orientation_missing_last,4.8081400581712065e-06,9.694542719845505e-06,Permutation importance (test RMSE),141
non-AD,SVM,casi_total_missing_last,4.8081400581712065e-06,9.694542719845505e-06,Permutation importance (test RMSE),142
non-AD,SVM,days_since_casi_missing_last,4.8081400581712065e-06,9.694542719845505e-06,Permutation importance (test RMSE),143
non-AD,SVM,total_cholesterol_gap_days_log_min,3.198095697226622e-06,6.882915757861128e-06,Permutation importance (test RMSE),144
non-AD,SVM,ldl_gap_days_log_min,2.70040552255435e-06,6.778022549361602e-06,Permutation importance (test RMSE),145
non-AD,SVM,days_since_casi_missing_max,2.637719735459898e-06,9.089893484799614e-06,Permutation importance (test RMSE),146
non-AD,SVM,casi_total_missing_max,2.637719735459898e-06,9.089893484799614e-06,Permutation importance (test RMSE),147
non-AD,SVM,casi_orientation_missing_max,2.637719735459898e-06,9.089893484799614e-06,Permutation importance (test RMSE),148
non-AD,SVM,casi_attention_missing_max,2.637719735459898e-06,9.089893484799614e-06,Permutation importance (test RMSE),149
non-AD,SVM,casi_abstraction_missing_max,2.637719735459898e-06,9.089893484799614e-06,Permutation importance (test RMSE),150
non-AD,SVM,casi_language_missing_max,2.637719735459898e-06,9.089893484799614e-06,Permutation importance (test RMSE),151
non-AD,SVM,casi_drawing_missing_max,2.637719735459898e-06,9.089893484799614e-06,Permutation importance (test RMSE),152
non-AD,SVM,casi_verbal_fluency_missing_max,2.637719735459898e-06,9.089893484799614e-06,Permutation importance (test RMSE),153
non-AD,SVM,casi_long_term_memory_missing_max,2.637719735459898e-06,9.089893484799614e-06,Permutation importance (test RMSE),154
non-AD,SVM,casi_mental_manipulation_missing_max,2.637719735459898e-06,9.089893484799614e-06,Permutation importance (test RMSE),155
non-AD,SVM,casi_short_term_memory_missing_max,2.637719735459898e-06,9.089893484799614e-06,Permutation importance (test RMSE),156
non-AD,SVM,hdl_gap_days_log_min,2.587316008045848e-06,5.818670143570233e-06,Permutation importance (test RMSE),157
non-AD,SVM,hba1c_gap_days_log_min,2.459173397578729e-06,5.29682995261626e-06,Permutation importance (test RMSE),158
non-AD,SVM,triglyceride_gap_days_log_min,2.224120010635433e-06,5.212250768736678e-06,Permutation importance (test RMSE),159
non-AD,SVM,hba1c_min,1.7334926547485364e-06,2.044157094516025e-05,Permutation importance (test RMSE),160
non-AD,SVM,vldl_gap_days_log_min,2.246693362739638e-07,1.944801885997255e-06,Permutation importance (test RMSE),161
non-AD,SVM,fasting_glucose_gap_days_log_min,2.1353146772429277e-07,1.6607755611495873e-06,Permutation importance (test RMSE),162
non-AD,SVM,gender_std,0.0,0.0,Permutation importance (test RMSE),163
non-AD,SVM,visit_gap_log_min,0.0,0.0,Permutation importance (test RMSE),164
non-AD,SVM,hba1c_missing_std,0.0,0.0,Permutation importance (test RMSE),165
non-AD,SVM,fasting_glucose_gap_days_log_missing_std,0.0,0.0,Permutation importance (test RMSE),166
non-AD,SVM,education_std,0.0,0.0,Permutation importance (test RMSE),167
non-AD,SVM,age_first_mmse_std,0.0,0.0,Permutation importance (test RMSE),168
non-AD,SVM,diabetes_std,0.0,0.0,Permutation importance (test RMSE),169
non-AD,SVM,hdl_missing_std,0.0,0.0,Permutation importance (test RMSE),170
non-AD,SVM,vldl_missing_std,0.0,0.0,Permutation importance (test RMSE),171
non-AD,SVM,hyperlipidemia_missing_last,0.0,0.0,Permutation importance (test RMSE),172
non-AD,SVM,hyperlipidemia_missing_max,0.0,0.0,Permutation importance (test RMSE),173
non-AD,SVM,ldl_missing_std,0.0,0.0,Permutation importance (test RMSE),174
non-AD,SVM,hdl_gap_days_log_missing_std,0.0,0.0,Permutation importance (test RMSE),175
non-AD,SVM,vldl_gap_days_log_missing_std,0.0,0.0,Permutation importance (test RMSE),176
non-AD,SVM,triglyceride_gap_days_log_missing_std,0.0,0.0,Permutation importance (test RMSE),177
non-AD,SVM,diabetes_missing_max,0.0,0.0,Permutation importance (test RMSE),178
non-AD,SVM,hyperlipidemia_missing_min,0.0,0.0,Permutation importance (test RMSE),179
non-AD,SVM,hyperlipidemia_missing_std,0.0,0.0,Permutation importance (test RMSE),180
non-AD,SVM,hyperlipidemia_missing_mean,0.0,0.0,Permutation importance (test RMSE),181
non-AD,SVM,fasting_glucose_missing_std,0.0,0.0,Permutation importance (test RMSE),182
non-AD,SVM,triglyceride_missing_std,0.0,0.0,Permutation importance (test RMSE),183
non-AD,SVM,total_cholesterol_missing_std,0.0,0.0,Permutation importance (test RMSE),184
non-AD,SVM,diabetes_missing_min,0.0,0.0,Permutation importance (test RMSE),185
non-AD,SVM,hba1c_gap_days_log_missing_std,0.0,0.0,Permutation importance (test RMSE),186
non-AD,SVM,diabetes_missing_mean,0.0,0.0,Permutation importance (test RMSE),187
non-AD,SVM,total_cholesterol_gap_days_log_missing_std,0.0,0.0,Permutation importance (test RMSE),188
non-AD,SVM,ldl_gap_days_log_missing_std,0.0,0.0,Permutation importance (test RMSE),189
non-AD,SVM,days_since_casi_last,0.0,0.0,Permutation importance (test RMSE),190
non-AD,SVM,days_since_casi_min,0.0,0.0,Permutation importance (test RMSE),191
non-AD,SVM,hypertension_missing_max,0.0,0.0,Permutation importance (test RMSE),192
non-AD,SVM,hypertension_missing_std,0.0,0.0,Permutation importance (test RMSE),193
non-AD,SVM,hypertension_missing_mean,0.0,0.0,Permutation importance (test RMSE),194
non-AD,SVM,hypertension_missing_min,0.0,0.0,Permutation importance (test RMSE),195
non-AD,SVM,hypertension_missing_last,0.0,0.0,Permutation importance (test RMSE),196
non-AD,SVM,diabetes_missing_last,0.0,0.0,Permutation importance (test RMSE),197
non-AD,SVM,hyperlipidemia_std,0.0,0.0,Permutation importance (test RMSE),198
non-AD,SVM,hypertension_std,0.0,0.0,Permutation importance (test RMSE),199
non-AD,SVM,apoe_missing_std,0.0,0.0,Permutation importance (test RMSE),200
non-AD,SVM,diabetes_missing_std,0.0,0.0,Permutation importance (test RMSE),201
non-AD,SVM,apoe4_count_std,0.0,0.0,Permutation importance (test RMSE),202
non-AD,SVM,casi_attention_missing_std,-4.74084872059688e-07,9.873310509856787e-07,Permutation importance (test RMSE),203
non-AD,SVM,casi_short_term_memory_missing_std,-4.74084872059688e-07,9.873310509856787e-07,Permutation importance (test RMSE),204
non-AD,SVM,casi_mental_manipulation_missing_std,-4.74084872059688e-07,9.873310509856787e-07,Permutation importance (test RMSE),205
non-AD,SVM,casi_total_missing_std,-4.74084872059688e-07,9.873310509856787e-07,Permutation importance (test RMSE),206
non-AD,SVM,casi_language_missing_std,-4.74084872059688e-07,9.873310509856787e-07,Permutation importance (test RMSE),207
non-AD,SVM,casi_abstraction_missing_std,-4.74084872059688e-07,9.873310509856787e-07,Permutation importance (test RMSE),208
non-AD,SVM,casi_orientation_missing_std,-4.7408487462430316e-07,9.873310490472658e-07,Permutation importance (test RMSE),209
non-AD,SVM,casi_drawing_missing_std,-4.7408487462430316e-07,9.873310490472658e-07,Permutation importance (test RMSE),210
non-AD,SVM,days_since_casi_missing_std,-4.7408487462430316e-07,9.873310490472658e-07,Permutation importance (test RMSE),211
non-AD,SVM,casi_verbal_fluency_missing_std,-4.7408488386690984e-07,9.873310538411077e-07,Permutation importance (test RMSE),212
non-AD,SVM,casi_long_term_memory_missing_std,-4.7408488386690984e-07,9.873310538411077e-07,Permutation importance (test RMSE),213
non-AD,SVM,triglyceride_min,-1.0971993746888842e-06,2.8522356871924556e-06,Permutation importance (test RMSE),214
non-AD,SVM,fasting_glucose_gap_days_log_mean,-1.609006221359177e-06,1.1572558427660122e-05,Permutation importance (test RMSE),215
non-AD,SVM,fasting_glucose_gap_days_log_last,-2.088219797369284e-06,3.5744863007484947e-06,Permutation importance (test RMSE),216
non-AD,SVM,vldl_min,-2.4946826323257732e-06,1.1084495308625453e-05,Permutation importance (test RMSE),217
non-AD,SVM,vldl_gap_days_log_last,-2.5062448772816824e-06,4.192439350069019e-06,Permutation importance (test RMSE),218
non-AD,SVM,casi_verbal_fluency_std,-3.2589809268013246e-06,1.7308952921895808e-05,Permutation importance (test RMSE),219
non-AD,SVM,ldl_missing_min,-3.4227682869869548e-06,2.060023291049428e-05,Permutation importance (test RMSE),220
non-AD,SVM,ldl_gap_days_log_missing_mean,-3.4227682869869548e-06,2.060023291049428e-05,Permutation importance (test RMSE),221
non-AD,SVM,ldl_gap_days_log_missing_max,-3.4227682869869548e-06,2.060023291049428e-05,Permutation importance (test RMSE),222
non-AD,SVM,ldl_missing_max,-3.4227682869869548e-06,2.060023291049428e-05,Permutation importance (test RMSE),223
non-AD,SVM,ldl_gap_days_log_missing_last,-3.4227682869869548e-06,2.060023291049428e-05,Permutation importance (test RMSE),224
non-AD,SVM,ldl_missing_mean,-3.4227682869869548e-06,2.060023291049428e-05,Permutation importance (test RMSE),225
non-AD,SVM,ldl_gap_days_log_missing_min,-3.4227682869869548e-06,2.060023291049428e-05,Permutation importance (test RMSE),226
non-AD,SVM,ldl_missing_last,-3.4227682869869548e-06,2.060023291049428e-05,Permutation importance (test RMSE),227
non-AD,SVM,has_recent_casi_std,-3.568015768540267e-06,7.4377050086942785e-06,Permutation importance (test RMSE),228
non-AD,SVM,hba1c_gap_days_log_last,-3.906160755901e-06,2.0865430269143554e-05,Permutation importance (test RMSE),229
non-AD,SVM,fasting_glucose_std,-4.319027032939627e-06,2.323399423219084e-05,Permutation importance (test RMSE),230
non-AD,SVM,triglyceride_gap_days_log_last,-4.329817411019565e-06,2.0752150047144794e-05,Permutation importance (test RMSE),231
non-AD,SVM,hdl_gap_days_log_last,-4.497864540986551e-06,2.301507500359061e-05,Permutation importance (test RMSE),232
non-AD,SVM,vldl_last,-4.859291956438305e-06,1.5201546458146243e-05,Permutation importance (test RMSE),233
non-AD,SVM,total_cholesterol_gap_days_log_last,-4.866685244042656e-06,2.70240061406716e-05,Permutation importance (test RMSE),234
non-AD,SVM,visit_gap_log_last,-5.627044590700292e-06,1.3703672203259407e-05,Permutation importance (test RMSE),235
non-AD,SVM,ldl_min,-5.955453292311175e-06,6.738276952707584e-05,Permutation importance (test RMSE),236
non-AD,SVM,vldl_gap_days_log_mean,-6.477373645624729e-06,1.1326404726150043e-05,Permutation importance (test RMSE),237
non-AD,SVM,fasting_glucose_gap_days_log_std,-6.53106936041592e-06,1.592111908869136e-05,Permutation importance (test RMSE),238
non-AD,SVM,days_since_casi_missing_min,-6.695430239678224e-06,1.0788351356300055e-05,Permutation importance (test RMSE),239
non-AD,SVM,casi_verbal_fluency_missing_min,-6.695430239678224e-06,1.0788351356300055e-05,Permutation importance (test RMSE),240
non-AD,SVM,casi_drawing_missing_min,-6.695430239678224e-06,1.0788351356300055e-05,Permutation importance (test RMSE),241
non-AD,SVM,casi_total_missing_min,-6.695430239678224e-06,1.0788351356300055e-05,Permutation importance (test RMSE),242
non-AD,SVM,casi_language_missing_min,-6.695430239678224e-06,1.0788351356300055e-05,Permutation importance (test RMSE),243
non-AD,SVM,casi_long_term_memory_missing_min,-6.695430239678224e-06,1.0788351356300055e-05,Permutation importance (test RMSE),244
non-AD,SVM,casi_orientation_missing_min,-6.695430239678224e-06,1.0788351356300055e-05,Permutation importance (test RMSE),245
non-AD,SVM,casi_abstraction_missing_min,-6.695430239678224e-06,1.0788351356300055e-05,Permutation importance (test RMSE),246
non-AD,SVM,casi_short_term_memory_missing_min,-6.695430239678224e-06,1.0788351356300055e-05,Permutation importance (test RMSE),247
non-AD,SVM,casi_attention_missing_min,-6.695430239678224e-06,1.0788351356300055e-05,Permutation importance (test RMSE),248
non-AD,SVM,casi_mental_manipulation_missing_min,-6.695430239678224e-06,1.0788351356300055e-05,Permutation importance (test RMSE),249
non-AD,SVM,casi_attention_missing_mean,-7.159745853030364e-06,9.602768298370613e-06,Permutation importance (test RMSE),250
non-AD,SVM,casi_drawing_missing_mean,-7.159745853030364e-06,9.602768298370613e-06,Permutation importance (test RMSE),251
non-AD,SVM,casi_verbal_fluency_missing_mean,-7.159745853030364e-06,9.602768298370613e-06,Permutation importance (test RMSE),252
non-AD,SVM,casi_short_term_memory_missing_mean,-7.159745853030364e-06,9.602768298370613e-06,Permutation importance (test RMSE),253
non-AD,SVM,casi_abstraction_missing_mean,-7.159745853030364e-06,9.602768298370613e-06,Permutation importance (test RMSE),254
non-AD,SVM,casi_orientation_missing_mean,-7.159745853030364e-06,9.602768298370613e-06,Permutation importance (test RMSE),255
non-AD,SVM,days_since_casi_missing_mean,-7.159745853030364e-06,9.602768298370613e-06,Permutation importance (test RMSE),256
non-AD,SVM,casi_language_missing_mean,-7.159745853030364e-06,9.602768298370613e-06,Permutation importance (test RMSE),257
non-AD,SVM,casi_total_missing_mean,-7.159745853030364e-06,9.602768298370613e-06,Permutation importance (test RMSE),258
non-AD,SVM,casi_mental_manipulation_missing_mean,-7.159745853030364e-06,9.602768298370613e-06,Permutation importance (test RMSE),259
non-AD,SVM,casi_long_term_memory_missing_mean,-7.159745853030364e-06,9.602768298370613e-06,Permutation importance (test RMSE),260
non-AD,SVM,triglyceride_gap_days_log_std,-7.529933948935419e-06,3.2026712212577034e-06,Permutation importance (test RMSE),261
non-AD,SVM,vldl_gap_days_log_missing_mean,-7.970741838997375e-06,1.262929875767611e-05,Permutation importance (test RMSE),262
non-AD,SVM,vldl_gap_days_log_missing_last,-7.970741838997375e-06,1.262929875767611e-05,Permutation importance (test RMSE),263
non-AD,SVM,vldl_missing_last,-7.970741838997375e-06,1.262929875767611e-05,Permutation importance (test RMSE),264
non-AD,SVM,vldl_missing_mean,-7.970741838997375e-06,1.262929875767611e-05,Permutation importance (test RMSE),265
non-AD,SVM,vldl_missing_min,-7.970741838997375e-06,1.262929875767611e-05,Permutation importance (test RMSE),266
non-AD,SVM,vldl_gap_days_log_missing_max,-7.970741838997375e-06,1.262929875767611e-05,Permutation importance (test RMSE),267
non-AD,SVM,vldl_missing_max,-7.970741838997375e-06,1.262929875767611e-05,Permutation importance (test RMSE),268
non-AD,SVM,vldl_gap_days_log_missing_min,-7.970741838997375e-06,1.262929875767611e-05,Permutation importance (test RMSE),269
non-AD,SVM,fasting_glucose_gap_days_log_max,-7.974221715206787e-06,5.401465913226675e-05,Permutation importance (test RMSE),270
non-AD,SVM,fasting_glucose_max,-8.197114829094909e-06,0.00027131862769125335,Permutation importance (test RMSE),271
non-AD,SVM,days_since_casi_mean,-8.20172830651722e-06,6.43988836528483e-06,Permutation importance (test RMSE),272
non-AD,SVM,ldl_gap_days_log_last,-8.615958461066774e-06,3.373280619448569e-05,Permutation importance (test RMSE),273
non-AD,SVM,hba1c_gap_days_log_mean,-8.741375092763403e-06,1.6770365183911028e-05,Permutation importance (test RMSE),274
non-AD,SVM,vldl_gap_days_log_std,-8.77504092315351e-06,1.2507848419014731e-05,Permutation importance (test RMSE),275
non-AD,SVM,hdl_gap_days_log_mean,-9.841456291359574e-06,2.2117521116786687e-05,Permutation importance (test RMSE),276
non-AD,SVM,fasting_glucose_missing_last,-9.858410436830445e-06,1.5683259488319462e-05,Permutation importance (test RMSE),277
non-AD,SVM,fasting_glucose_gap_days_log_missing_last,-9.858410436830445e-06,1.5683259488319462e-05,Permutation importance (test RMSE),278
non-AD,SVM,fasting_glucose_gap_days_log_missing_min,-9.858410436830445e-06,1.5683259488319462e-05,Permutation importance (test RMSE),279
non-AD,SVM,fasting_glucose_gap_days_log_missing_max,-9.858410436830445e-06,1.5683259488319462e-05,Permutation importance (test RMSE),280
non-AD,SVM,fasting_glucose_missing_max,-9.858410436830445e-06,1.5683259488319462e-05,Permutation importance (test RMSE),281
non-AD,SVM,fasting_glucose_gap_days_log_missing_mean,-9.858410436830445e-06,1.5683259488319462e-05,Permutation importance (test RMSE),282
non-AD,SVM,fasting_glucose_missing_mean,-9.858410436830445e-06,1.5683259488319462e-05,Permutation importance (test RMSE),283
non-AD,SVM,fasting_glucose_missing_min,-9.858410436830445e-06,1.5683259488319462e-05,Permutation importance (test RMSE),284
non-AD,SVM,triglyceride_gap_days_log_mean,-1.0131749613967455e-05,1.9509090301115532e-05,Permutation importance (test RMSE),285
non-AD,SVM,vldl_gap_days_log_max,-1.0371979979328927e-05,3.228722870330434e-05,Permutation importance (test RMSE),286
non-AD,SVM,hdl_gap_days_log_std,-1.0866462341779793e-05,4.310674378456947e-06,Permutation importance (test RMSE),287
non-AD,SVM,total_cholesterol_std,-1.0920451092172324e-05,2.481017588725397e-05,Permutation importance (test RMSE),288
non-AD,SVM,ldl_std,-1.0938727381104573e-05,2.2901099372553822e-05,Permutation importance (test RMSE),289
non-AD,SVM,total_cholesterol_min,-1.259105732148158e-05,7.901376821334222e-05,Permutation importance (test RMSE),290
non-AD,SVM,hba1c_gap_days_log_std,-1.3470748568211732e-05,6.697122586148121e-06,Permutation importance (test RMSE),291
non-AD,SVM,triglyceride_last,-1.4739267548685708e-05,1.2826477514749893e-05,Permutation importance (test RMSE),292
non-AD,SVM,hdl_missing_mean,-1.5850191337402064e-05,1.9942515800401156e-05,Permutation importance (test RMSE),293
non-AD,SVM,triglyceride_gap_days_log_missing_last,-1.5850191337402064e-05,1.9942515800401156e-05,Permutation importance (test RMSE),294
non-AD,SVM,triglyceride_missing_mean,-1.5850191337402064e-05,1.9942515800401156e-05,Permutation importance (test RMSE),295
non-AD,SVM,hdl_missing_last,-1.5850191337402064e-05,1.9942515800401156e-05,Permutation importance (test RMSE),296
non-AD,SVM,triglyceride_missing_max,-1.5850191337402064e-05,1.9942515800401156e-05,Permutation importance (test RMSE),297
non-AD,SVM,triglyceride_missing_min,-1.5850191337402064e-05,1.9942515800401156e-05,Permutation importance (test RMSE),298
non-AD,SVM,triglyceride_gap_days_log_missing_mean,-1.5850191337402064e-05,1.9942515800401156e-05,Permutation importance (test RMSE),299
non-AD,SVM,triglyceride_gap_days_log_missing_max,-1.5850191337402064e-05,1.9942515800401156e-05,Permutation importance (test RMSE),300
non-AD,SVM,hdl_gap_days_log_missing_mean,-1.5850191337402064e-05,1.9942515800401156e-05,Permutation importance (test RMSE),301
non-AD,SVM,hdl_gap_days_log_missing_min,-1.5850191337402064e-05,1.9942515800401156e-05,Permutation importance (test RMSE),302
non-AD,SVM,hdl_gap_days_log_missing_last,-1.5850191337402064e-05,1.9942515800401156e-05,Permutation importance (test RMSE),303
non-AD,SVM,triglyceride_missing_last,-1.5850191337402064e-05,1.9942515800401156e-05,Permutation importance (test RMSE),304
non-AD,SVM,hdl_missing_min,-1.5850191337402064e-05,1.9942515800401156e-05,Permutation importance (test RMSE),305
non-AD,SVM,hdl_missing_max,-1.5850191337402064e-05,1.9942515800401156e-05,Permutation importance (test RMSE),306
non-AD,SVM,hdl_gap_days_log_missing_max,-1.5850191337402064e-05,1.9942515800401156e-05,Permutation importance (test RMSE),307
non-AD,SVM,triglyceride_gap_days_log_missing_min,-1.5850191337402064e-05,1.9942515800401156e-05,Permutation importance (test RMSE),308
non-AD,SVM,diabetes_mean,-1.611769740936242e-05,6.625996969007148e-05,Permutation importance (test RMSE),309
non-AD,SVM,diabetes_last,-1.611769741378666e-05,6.625996969026933e-05,Permutation importance (test RMSE),310
non-AD,SVM,diabetes_max,-1.611769741378666e-05,6.625996969026933e-05,Permutation importance (test RMSE),311
non-AD,SVM,diabetes_min,-1.611769741378666e-05,6.625996969026933e-05,Permutation importance (test RMSE),312
non-AD,SVM,ldl_gap_days_log_mean,-1.6132235005050787e-05,3.1503055999026935e-05,Permutation importance (test RMSE),313
non-AD,SVM,total_cholesterol_missing_last,-1.719921986642059e-05,1.9368683932740315e-05,Permutation importance (test RMSE),314
non-AD,SVM,total_cholesterol_gap_days_log_missing_mean,-1.719921986642059e-05,1.9368683932740315e-05,Permutation importance (test RMSE),315
non-AD,SVM,total_cholesterol_gap_days_log_missing_min,-1.719921986642059e-05,1.9368683932740315e-05,Permutation importance (test RMSE),316
non-AD,SVM,total_cholesterol_missing_mean,-1.719921986642059e-05,1.9368683932740315e-05,Permutation importance (test RMSE),317
non-AD,SVM,total_cholesterol_gap_days_log_missing_last,-1.719921986642059e-05,1.9368683932740315e-05,Permutation importance (test RMSE),318
non-AD,SVM,total_cholesterol_missing_min,-1.719921986642059e-05,1.9368683932740315e-05,Permutation importance (test RMSE),319
non-AD,SVM,total_cholesterol_missing_max,-1.719921986642059e-05,1.9368683932740315e-05,Permutation importance (test RMSE),320
non-AD,SVM,total_cholesterol_gap_days_log_missing_max,-1.719921986642059e-05,1.9368683932740315e-05,Permutation importance (test RMSE),321
non-AD,SVM,hba1c_last,-1.735749678853371e-05,6.864867310026754e-05,Permutation importance (test RMSE),322
non-AD,SVM,hba1c_missing_max,-1.841642574260116e-05,2.3166904591654707e-05,Permutation importance (test RMSE),323
non-AD,SVM,hba1c_missing_mean,-1.841642574260116e-05,2.3166904591654707e-05,Permutation importance (test RMSE),324
non-AD,SVM,hba1c_missing_min,-1.841642574260116e-05,2.3166904591654707e-05,Permutation importance (test RMSE),325
non-AD,SVM,hba1c_gap_days_log_missing_min,-1.841642574260116e-05,2.3166904591654707e-05,Permutation importance (test RMSE),326
non-AD,SVM,hba1c_gap_days_log_missing_mean,-1.841642574260116e-05,2.3166904591654707e-05,Permutation importance (test RMSE),327
non-AD,SVM,hba1c_gap_days_log_missing_last,-1.841642574260116e-05,2.3166904591654707e-05,Permutation importance (test RMSE),328
non-AD,SVM,hba1c_gap_days_log_missing_max,-1.841642574260116e-05,2.3166904591654707e-05,Permutation importance (test RMSE),329
non-AD,SVM,hba1c_missing_last,-1.841642574260116e-05,2.3166904591654707e-05,Permutation importance (test RMSE),330
non-AD,SVM,ldl_gap_days_log_std,-1.8828834773099156e-05,9.641050429258362e-06,Permutation importance (test RMSE),331
non-AD,SVM,total_cholesterol_gap_days_log_mean,-1.9814081548535923e-05,2.066582622695018e-05,Permutation importance (test RMSE),332
non-AD,SVM,triglyceride_gap_days_log_max,-2.1200183208092137e-05,5.780667070931394e-05,Permutation importance (test RMSE),333
non-AD,SVM,days_since_casi_std,-2.4044810761614243e-05,2.3596046417107627e-05,Permutation importance (test RMSE),334
non-AD,SVM,hdl_gap_days_log_max,-2.5616611766376974e-05,6.333232007297409e-05,Permutation importance (test RMSE),335
non-AD,SVM,total_cholesterol_gap_days_log_std,-3.0436759122420833e-05,1.18090939833416e-05,Permutation importance (test RMSE),336
non-AD,SVM,total_cholesterol_mean,-3.4838334266390494e-05,5.037663689123597e-05,Permutation importance (test RMSE),337
non-AD,SVM,fasting_glucose_last,-3.534325559325646e-05,6.181923322095676e-05,Permutation importance (test RMSE),338
non-AD,SVM,visit_gap_log_max,-3.58990316363994e-05,3.254683880310692e-05,Permutation importance (test RMSE),339
non-AD,SVM,hba1c_mean,-3.743405565470037e-05,9.094437674965892e-05,Permutation importance (test RMSE),340
non-AD,SVM,hypertension_max,-3.759419582261003e-05,4.9974934192126223e-05,Permutation importance (test RMSE),341
non-AD,SVM,hypertension_min,-3.759419582261003e-05,4.9974934192126223e-05,Permutation importance (test RMSE),342
non-AD,SVM,hypertension_last,-3.7594195825102485e-05,4.9974934188687175e-05,Permutation importance (test RMSE),343
non-AD,SVM,hypertension_mean,-3.7594195833873247e-05,4.9974934191700274e-05,Permutation importance (test RMSE),344
non-AD,SVM,hba1c_gap_days_log_max,-4.005967199243732e-05,2.6876898004605736e-05,Permutation importance (test RMSE),345
non-AD,SVM,total_cholesterol_max,-4.950699712178985e-05,0.00015620950555073594,Permutation importance (test RMSE),346
non-AD,SVM,has_recent_casi_max,-4.993801736953296e-05,8.125817337140034e-05,Permutation importance (test RMSE),347
non-AD,SVM,fasting_glucose_min,-5.350443061128418e-05,6.132075007729626e-05,Permutation importance (test RMSE),348
non-AD,SVM,has_recent_casi_mean,-5.357854687160768e-05,7.231705084871805e-05,Permutation importance (test RMSE),349
non-AD,SVM,fasting_glucose_mean,-5.9306694145588866e-05,9.516337314832356e-05,Permutation importance (test RMSE),350
non-AD,SVM,ldl_mean,-6.059980841936485e-05,6.59958261123613e-05,Permutation importance (test RMSE),351
non-AD,SVM,days_since_casi_max,-6.0938154483736186e-05,0.00017182310411971286,Permutation importance (test RMSE),352
non-AD,SVM,total_cholesterol_last,-6.406608352386157e-05,8.950560584791036e-05,Permutation importance (test RMSE),353
non-AD,SVM,ldl_gap_days_log_max,-7.445200885818349e-05,0.00010338252133346002,Permutation importance (test RMSE),354
non-AD,SVM,hyperlipidemia_last,-8.41620026762413e-05,6.73207925527485e-05,Permutation importance (test RMSE),355
non-AD,SVM,hyperlipidemia_min,-8.41620026762413e-05,6.73207925527485e-05,Permutation importance (test RMSE),356
non-AD,SVM,hyperlipidemia_max,-8.41620026762413e-05,6.73207925527485e-05,Permutation importance (test RMSE),357
non-AD,SVM,hyperlipidemia_mean,-8.41620026869494e-05,6.732079255330505e-05,Permutation importance (test RMSE),358
non-AD,SVM,ldl_last,-9.572666232043892e-05,7.833391402252991e-05,Permutation importance (test RMSE),359
non-AD,SVM,ldl_max,-0.00011688789442478864,0.00016206071580459217,Permutation importance (test RMSE),360
non-AD,SVM,total_cholesterol_gap_days_log_max,-0.00013645093413431898,3.4678027399123215e-05,Permutation importance (test RMSE),361
non-AD,SVM,history_span_days,-0.011077660922700844,0.026551180958593913,Permutation importance (test RMSE),362
non-AD,XGBoost,mmse_last,0.1972513361053302,0.05037366046858027,Permutation importance (test RMSE),1
non-AD,XGBoost,mmse_min,0.05528705920386442,0.031438689322023254,Permutation importance (test RMSE),2
non-AD,XGBoost,casi_abstraction_min,0.0102499102934555,0.004863799433227266,Permutation importance (test RMSE),3
non-AD,XGBoost,casi_language_mean,0.008841538253344935,0.007671804330611421,Permutation importance (test RMSE),4
non-AD,XGBoost,mmse_mean,0.00856312941678172,0.016477682621441662,Permutation importance (test RMSE),5
non-AD,XGBoost,fasting_glucose_mean,0.004705147890094305,0.004100839656080113,Permutation importance (test RMSE),6
non-AD,XGBoost,casi_language_max,0.004587716052661006,0.007346103001742031,Permutation importance (test RMSE),7
non-AD,XGBoost,fasting_glucose_last,0.004552937285666326,0.003398208338511288,Permutation importance (test RMSE),8
non-AD,XGBoost,history_span_days,0.0041885765966050235,0.002764416786437001,Permutation importance (test RMSE),9
non-AD,XGBoost,casi_short_term_memory_mean,0.0035169130081383502,0.00308218077075812,Permutation importance (test RMSE),10
non-AD,XGBoost,casi_mental_manipulation_max,0.0033482510262997254,0.0031618523471954613,Permutation importance (test RMSE),11
non-AD,XGBoost,age_first_mmse_last,0.003250311359651342,0.005284778791578713,Permutation importance (test RMSE),12
non-AD,XGBoost,casi_total_min,0.003248377431110955,0.0012260181739349749,Permutation importance (test RMSE),13
non-AD,XGBoost,casi_attention_min,0.0030745005206498062,0.0015438303219255745,Permutation importance (test RMSE),14
non-AD,XGBoost,casi_orientation_max,0.002645001777485642,0.0008845869537157938,Permutation importance (test RMSE),15
non-AD,XGBoost,casi_abstraction_last,0.0026065376495230303,0.0013443148999400494,Permutation importance (test RMSE),16
non-AD,XGBoost,vldl_last,0.0021061647026743373,0.000989849834082153,Permutation importance (test RMSE),17
non-AD,XGBoost,casi_short_term_memory_min,0.0020933353277753615,0.001269558093541367,Permutation importance (test RMSE),18
non-AD,XGBoost,visit_gap_log_mean,0.0020094411138727787,0.0009853334994820537,Permutation importance (test RMSE),19
non-AD,XGBoost,casi_language_std,0.001889742024443436,0.0007687704695451106,Permutation importance (test RMSE),20
non-AD,XGBoost,age_first_mmse_mean,0.001887760013656603,0.0017996352834969323,Permutation importance (test RMSE),21
non-AD,XGBoost,casi_abstraction_std,0.001811758400269556,0.0007331665075794609,Permutation importance (test RMSE),22
non-AD,XGBoost,has_recent_casi_mean,0.001634885141504766,0.0006654632690177082,Permutation importance (test RMSE),23
non-AD,XGBoost,vldl_gap_days_log_std,0.0014994938924603352,0.0009784184587455502,Permutation importance (test RMSE),24
non-AD,XGBoost,apoe4_count_last,0.0013639307292801523,0.001170327510197337,Permutation importance (test RMSE),25
non-AD,XGBoost,casi_language_last,0.001332171906732496,0.002723894923560901,Permutation importance (test RMSE),26
non-AD,XGBoost,mmse_max,0.0013059070804234186,0.002621502088942986,Permutation importance (test RMSE),27
non-AD,XGBoost,casi_total_mean,0.0012787332517804368,0.0013749524816725717,Permutation importance (test RMSE),28
non-AD,XGBoost,education_std,0.0011911847166698546,0.0007685632536267136,Permutation importance (test RMSE),29
non-AD,XGBoost,ldl_std,0.0011281618965494039,0.0009386603917004781,Permutation importance (test RMSE),30
non-AD,XGBoost,triglyceride_mean,0.0011242489114409089,0.0008288447656389381,Permutation importance (test RMSE),31
non-AD,XGBoost,vldl_gap_days_log_max,0.0010949919822533434,0.000826350134714553,Permutation importance (test RMSE),32
non-AD,XGBoost,vldl_min,0.0010659776115055724,0.0007451431185683201,Permutation importance (test RMSE),33
non-AD,XGBoost,cdr_community_std,0.0010438937364026734,0.008329188524711205,Permutation importance (test RMSE),34
non-AD,XGBoost,casi_attention_max,0.0010106838087692803,0.00039936746207260444,Permutation importance (test RMSE),35
non-AD,XGBoost,vldl_max,0.0010045232351230005,0.0007487152752555908,Permutation importance (test RMSE),36
non-AD,XGBoost,cdr_orientation_mean,0.0010000748204948618,0.0006943849161178386,Permutation importance (test RMSE),37
non-AD,XGBoost,triglyceride_max,0.000954016602786631,0.0006928100523921185,Permutation importance (test RMSE),38
non-AD,XGBoost,hba1c_max,0.000909298375216569,0.0009666868889824697,Permutation importance (test RMSE),39
non-AD,XGBoost,casi_short_term_memory_max,0.000867038260660169,0.005249789631293878,Permutation importance (test RMSE),40
non-AD,XGBoost,casi_mental_manipulation_missing_mean,0.0008622542143122081,0.0006765236273494806,Permutation importance (test RMSE),41
non-AD,XGBoost,hba1c_mean,0.0007917222295881737,0.0008307869380181921,Permutation importance (test RMSE),42
non-AD,XGBoost,cdr_community_min,0.0007878863338879494,0.00040149080101559327,Permutation importance (test RMSE),43
non-AD,XGBoost,education_last,0.0007864747243319842,0.0005409968939162992,Permutation importance (test RMSE),44
non-AD,XGBoost,casi_abstraction_mean,0.0007647538482130622,0.0017447303999660467,Permutation importance (test RMSE),45
non-AD,XGBoost,cdr_sob_min,0.0007398501056737422,0.0003766622530981437,Permutation importance (test RMSE),46
non-AD,XGBoost,casi_long_term_memory_mean,0.0007228524802557285,0.0015728503021144166,Permutation importance (test RMSE),47
non-AD,XGBoost,casi_attention_mean,0.000705758220831365,0.0045719301229461195,Permutation importance (test RMSE),48
non-AD,XGBoost,casi_verbal_fluency_std,0.0006575677215184206,0.0004071742632469568,Permutation importance (test RMSE),49
non-AD,XGBoost,hdl_last,0.0006203974927242534,0.0010946091756584523,Permutation importance (test RMSE),50
non-AD,XGBoost,has_recent_casi_std,0.00061766363140347,0.0022528724397897926,Permutation importance (test RMSE),51
non-AD,XGBoost,hba1c_gap_days_log_mean,0.0005296807679342596,0.0007765970262410724,Permutation importance (test RMSE),52
non-AD,XGBoost,casi_long_term_memory_last,0.0004858445607106271,0.00018392701689735384,Permutation importance (test RMSE),53
non-AD,XGBoost,total_cholesterol_gap_days_log_mean,0.0004624443583812199,0.0005277820810180851,Permutation importance (test RMSE),54
non-AD,XGBoost,vldl_mean,0.00043372005660352044,0.0008186879664274124,Permutation importance (test RMSE),55
non-AD,XGBoost,casi_verbal_fluency_max,0.00043122439921626786,0.0003292790970019613,Permutation importance (test RMSE),56
non-AD,XGBoost,hba1c_last,0.00042373840660746287,0.000889820829913291,Permutation importance (test RMSE),57
non-AD,XGBoost,history_n_visits,0.00042145493819877586,0.0004847091776570508,Permutation importance (test RMSE),58
non-AD,XGBoost,casi_attention_last,0.0003987753942950978,0.0005711883511436473,Permutation importance (test RMSE),59
non-AD,XGBoost,cdr_memory_max,0.00038862369373396654,0.0002524984075265436,Permutation importance (test RMSE),60
non-AD,XGBoost,casi_total_last,0.0003804113948125548,0.004877639542173189,Permutation importance (test RMSE),61
non-AD,XGBoost,total_cholesterol_std,0.0003414656291327367,0.0007370598070766956,Permutation importance (test RMSE),62
non-AD,XGBoost,casi_orientation_min,0.00032054667441777375,0.0006641927099465922,Permutation importance (test RMSE),63
non-AD,XGBoost,visit_gap_log_std,0.0003203090453437835,0.001099272620659876,Permutation importance (test RMSE),64
non-AD,XGBoost,cdr_memory_std,0.0003183801470517195,0.00019396755400081332,Permutation importance (test RMSE),65
non-AD,XGBoost,apoe4_count_std,0.00031319548918655736,0.00018050948614359722,Permutation importance (test RMSE),66
non-AD,XGBoost,hba1c_std,0.0003102195355708909,0.0005239276098281317,Permutation importance (test RMSE),67
non-AD,XGBoost,casi_language_min,0.00029701911459795725,0.0015831524398809448,Permutation importance (test RMSE),68
non-AD,XGBoost,total_cholesterol_gap_days_log_last,0.0002892541596268977,0.00031101911554373235,Permutation importance (test RMSE),69
non-AD,XGBoost,hdl_max,0.0002851032883296023,0.00026426996011154287,Permutation importance (test RMSE),70
non-AD,XGBoost,casi_long_term_memory_max,0.00027992903797426636,0.0003859805401270108,Permutation importance (test RMSE),71
non-AD,XGBoost,ldl_missing_last,0.0002632985176605762,0.0006139400204690105,Permutation importance (test RMSE),72
non-AD,XGBoost,triglyceride_min,0.00025353924983248787,0.0003241766549951038,Permutation importance (test RMSE),73
non-AD,XGBoost,cdr_orientation_std,0.00023302403598528254,0.00011847098293947262,Permutation importance (test RMSE),74
non-AD,XGBoost,casi_mental_manipulation_missing_std,0.0002268999187908627,0.0002776785610250189,Permutation importance (test RMSE),75
non-AD,XGBoost,casi_drawing_min,0.0002256892747590361,0.0005386030947202157,Permutation importance (test RMSE),76
non-AD,XGBoost,hypertension_last,0.0002244206408918453,0.0006336640523596922,Permutation importance (test RMSE),77
non-AD,XGBoost,cdr_orientation_max,0.00021520928713371912,0.00021660264378303714,Permutation importance (test RMSE),78
non-AD,XGBoost,hdl_min,0.00018069603368219556,0.0004012828496101409,Permutation importance (test RMSE),79
non-AD,XGBoost,total_cholesterol_gap_days_log_missing_last,0.00017758126576430112,9.987814977655977e-05,Permutation importance (test RMSE),80
non-AD,XGBoost,fasting_glucose_max,0.00015397508344017763,0.002287512639243612,Permutation importance (test RMSE),81
non-AD,XGBoost,hba1c_min,0.00013290391489372,0.0002390907885768435,Permutation importance (test RMSE),82
non-AD,XGBoost,casi_orientation_missing_mean,0.00012905962637539125,0.0002989286026914419,Permutation importance (test RMSE),83
non-AD,XGBoost,hypertension_mean,0.0001150135188184076,0.0001563614366098283,Permutation importance (test RMSE),84
non-AD,XGBoost,gender_min,0.00011186322123652448,0.00018845641757854378,Permutation importance (test RMSE),85
non-AD,XGBoost,fasting_glucose_gap_days_log_last,0.00010132232229522198,7.330740780467975e-05,Permutation importance (test RMSE),86
non-AD,XGBoost,gender_mean,0.00010104817380945374,0.00025057720503274565,Permutation importance (test RMSE),87
non-AD,XGBoost,cdr_home_hobbies_min,9.949126703389932e-05,0.00017751775104949904,Permutation importance (test RMSE),88
non-AD,XGBoost,total_cholesterol_gap_days_log_max,9.773753610009261e-05,0.00017828803569500847,Permutation importance (test RMSE),89
non-AD,XGBoost,total_cholesterol_last,9.190225796252837e-05,0.0005537475005658521,Permutation importance (test RMSE),90
non-AD,XGBoost,casi_drawing_std,7.875153356565746e-05,0.00018372963547147022,Permutation importance (test RMSE),91
non-AD,XGBoost,cdr_personal_care_last,7.435317492708871e-05,0.0002203142251125786,Permutation importance (test RMSE),92
non-AD,XGBoost,fasting_glucose_gap_days_log_std,7.096905546527532e-05,0.0007646014077497209,Permutation importance (test RMSE),93
non-AD,XGBoost,gender_last,5.878842352018132e-05,0.0007590103828052612,Permutation importance (test RMSE),94
non-AD,XGBoost,hba1c_gap_days_log_max,5.629747367909555e-05,0.00012068142489365038,Permutation importance (test RMSE),95
non-AD,XGBoost,visit_gap_log_max,5.421937199311389e-05,0.00031276318647996946,Permutation importance (test RMSE),96
non-AD,XGBoost,ldl_gap_days_log_last,4.924313293500071e-05,7.5273088596593e-05,Permutation importance (test RMSE),97
non-AD,XGBoost,cdr_orientation_min,4.405536897829076e-05,9.861764684153252e-05,Permutation importance (test RMSE),98
non-AD,XGBoost,hdl_mean,4.241051829982634e-05,0.0006858985160870751,Permutation importance (test RMSE),99
non-AD,XGBoost,education_max,4.229247210446041e-05,7.508246319174654e-05,Permutation importance (test RMSE),100
non-AD,XGBoost,days_since_casi_std,3.4921346079594405e-05,6.986972187829127e-05,Permutation importance (test RMSE),101
non-AD,XGBoost,hdl_gap_days_log_last,3.473922937037022e-05,0.00018189776755998146,Permutation importance (test RMSE),102
non-AD,XGBoost,casi_long_term_memory_min,3.2965277622087896e-05,0.00012600620614107563,Permutation importance (test RMSE),103
non-AD,XGBoost,ldl_mean,2.8230320772054673e-05,0.0010067087293252866,Permutation importance (test RMSE),104
non-AD,XGBoost,hdl_gap_days_log_std,2.1899627287635946e-05,9.494565387215723e-05,Permutation importance (test RMSE),105
non-AD,XGBoost,gender_std,1.1684459773292355e-05,0.00022870637027562328,Permutation importance (test RMSE),106
non-AD,XGBoost,hdl_gap_days_log_max,3.9058332917646375e-06,1.0735161553493383e-05,Permutation importance (test RMSE),107
non-AD,XGBoost,cdr_global_std,2.0053241067768957e-06,6.874410364791858e-05,Permutation importance (test RMSE),108
non-AD,XGBoost,triglyceride_gap_days_log_missing_max,0.0,0.0,Permutation importance (test RMSE),109
non-AD,XGBoost,total_cholesterol_gap_days_log_missing_min,0.0,0.0,Permutation importance (test RMSE),110
non-AD,XGBoost,total_cholesterol_gap_days_log_missing_std,0.0,0.0,Permutation importance (test RMSE),111
non-AD,XGBoost,total_cholesterol_gap_days_log_missing_mean,0.0,0.0,Permutation importance (test RMSE),112
non-AD,XGBoost,ldl_gap_days_log_missing_max,0.0,0.0,Permutation importance (test RMSE),113
non-AD,XGBoost,ldl_gap_days_log_missing_min,0.0,0.0,Permutation importance (test RMSE),114
non-AD,XGBoost,ldl_gap_days_log_missing_std,0.0,0.0,Permutation importance (test RMSE),115
non-AD,XGBoost,ldl_gap_days_log_missing_mean,0.0,0.0,Permutation importance (test RMSE),116
non-AD,XGBoost,vldl_gap_days_log_missing_max,0.0,0.0,Permutation importance (test RMSE),117
non-AD,XGBoost,vldl_gap_days_log_missing_min,0.0,0.0,Permutation importance (test RMSE),118
non-AD,XGBoost,diabetes_missing_std,0.0,0.0,Permutation importance (test RMSE),119
non-AD,XGBoost,diabetes_missing_mean,0.0,0.0,Permutation importance (test RMSE),120
non-AD,XGBoost,hypertension_missing_max,0.0,0.0,Permutation importance (test RMSE),121
non-AD,XGBoost,triglyceride_gap_days_log_missing_min,0.0,0.0,Permutation importance (test RMSE),122
non-AD,XGBoost,triglyceride_gap_days_log_missing_std,0.0,0.0,Permutation importance (test RMSE),123
non-AD,XGBoost,triglyceride_gap_days_log_missing_mean,0.0,0.0,Permutation importance (test RMSE),124
non-AD,XGBoost,total_cholesterol_gap_days_log_missing_max,0.0,0.0,Permutation importance (test RMSE),125
non-AD,XGBoost,hba1c_gap_days_log_missing_min,0.0,0.0,Permutation importance (test RMSE),126
non-AD,XGBoost,hba1c_gap_days_log_missing_std,0.0,0.0,Permutation importance (test RMSE),127
non-AD,XGBoost,hba1c_gap_days_log_missing_mean,0.0,0.0,Permutation importance (test RMSE),128
non-AD,XGBoost,fasting_glucose_gap_days_log_missing_max,0.0,0.0,Permutation importance (test RMSE),129
non-AD,XGBoost,fasting_glucose_gap_days_log_missing_min,0.0,0.0,Permutation importance (test RMSE),130
non-AD,XGBoost,has_recent_casi_last,0.0,0.0,Permutation importance (test RMSE),131
non-AD,XGBoost,days_since_casi_last,0.0,0.0,Permutation importance (test RMSE),132
non-AD,XGBoost,total_cholesterol_missing_max,0.0,0.0,Permutation importance (test RMSE),133
non-AD,XGBoost,total_cholesterol_missing_min,0.0,0.0,Permutation importance (test RMSE),134
non-AD,XGBoost,total_cholesterol_missing_std,0.0,0.0,Permutation importance (test RMSE),135
non-AD,XGBoost,total_cholesterol_missing_mean,0.0,0.0,Permutation importance (test RMSE),136
non-AD,XGBoost,ldl_missing_max,0.0,0.0,Permutation importance (test RMSE),137
non-AD,XGBoost,ldl_missing_min,0.0,0.0,Permutation importance (test RMSE),138
non-AD,XGBoost,ldl_missing_std,0.0,0.0,Permutation importance (test RMSE),139
non-AD,XGBoost,ldl_missing_mean,0.0,0.0,Permutation importance (test RMSE),140
non-AD,XGBoost,vldl_missing_max,0.0,0.0,Permutation importance (test RMSE),141
non-AD,XGBoost,vldl_missing_min,0.0,0.0,Permutation importance (test RMSE),142
non-AD,XGBoost,vldl_missing_std,0.0,0.0,Permutation importance (test RMSE),143
non-AD,XGBoost,vldl_missing_mean,0.0,0.0,Permutation importance (test RMSE),144
non-AD,XGBoost,hdl_missing_max,0.0,0.0,Permutation importance (test RMSE),145
non-AD,XGBoost,hdl_missing_min,0.0,0.0,Permutation importance (test RMSE),146
non-AD,XGBoost,days_since_casi_mean,0.0,0.0,Permutation importance (test RMSE),147
non-AD,XGBoost,hba1c_missing_mean,0.0,0.0,Permutation importance (test RMSE),148
non-AD,XGBoost,fasting_glucose_missing_max,0.0,0.0,Permutation importance (test RMSE),149
non-AD,XGBoost,fasting_glucose_missing_min,0.0,0.0,Permutation importance (test RMSE),150
non-AD,XGBoost,fasting_glucose_missing_std,0.0,0.0,Permutation importance (test RMSE),151
non-AD,XGBoost,fasting_glucose_missing_mean,0.0,0.0,Permutation importance (test RMSE),152
non-AD,XGBoost,triglyceride_missing_max,0.0,0.0,Permutation importance (test RMSE),153
non-AD,XGBoost,hypertension_missing_min,0.0,0.0,Permutation importance (test RMSE),154
non-AD,XGBoost,hypertension_missing_std,0.0,0.0,Permutation importance (test RMSE),155
non-AD,XGBoost,hypertension_missing_mean,0.0,0.0,Permutation importance (test RMSE),156
non-AD,XGBoost,hba1c_gap_days_log_missing_max,0.0,0.0,Permutation importance (test RMSE),157
non-AD,XGBoost,triglyceride_missing_std,0.0,0.0,Permutation importance (test RMSE),158
non-AD,XGBoost,cdr_personal_care_min,0.0,0.0,Permutation importance (test RMSE),159
non-AD,XGBoost,cdr_personal_care_max,0.0,0.0,Permutation importance (test RMSE),160
non-AD,XGBoost,triglyceride_missing_min,0.0,0.0,Permutation importance (test RMSE),161
non-AD,XGBoost,cdr_home_hobbies_max,0.0,0.0,Permutation importance (test RMSE),162
non-AD,XGBoost,vldl_gap_days_log_missing_std,0.0,0.0,Permutation importance (test RMSE),163
non-AD,XGBoost,has_recent_casi_min,0.0,0.0,Permutation importance (test RMSE),164
non-AD,XGBoost,triglyceride_missing_mean,0.0,0.0,Permutation importance (test RMSE),165
non-AD,XGBoost,hdl_gap_days_log_missing_min,0.0,0.0,Permutation importance (test RMSE),166
non-AD,XGBoost,hdl_gap_days_log_missing_std,0.0,0.0,Permutation importance (test RMSE),167
non-AD,XGBoost,hdl_gap_days_log_missing_mean,0.0,0.0,Permutation importance (test RMSE),168
non-AD,XGBoost,hba1c_missing_max,0.0,0.0,Permutation importance (test RMSE),169
non-AD,XGBoost,hba1c_missing_min,0.0,0.0,Permutation importance (test RMSE),170
non-AD,XGBoost,hba1c_missing_std,0.0,0.0,Permutation importance (test RMSE),171
non-AD,XGBoost,vldl_gap_days_log_missing_mean,0.0,0.0,Permutation importance (test RMSE),172
non-AD,XGBoost,has_recent_casi_max,0.0,0.0,Permutation importance (test RMSE),173
non-AD,XGBoost,days_since_casi_min,0.0,0.0,Permutation importance (test RMSE),174
non-AD,XGBoost,hdl_missing_std,0.0,0.0,Permutation importance (test RMSE),175
non-AD,XGBoost,days_since_casi_missing_max,0.0,0.0,Permutation importance (test RMSE),176
non-AD,XGBoost,hdl_missing_mean,0.0,0.0,Permutation importance (test RMSE),177
non-AD,XGBoost,days_since_casi_missing_std,0.0,0.0,Permutation importance (test RMSE),178
non-AD,XGBoost,fasting_glucose_missing_last,0.0,0.0,Permutation importance (test RMSE),179
non-AD,XGBoost,triglyceride_missing_last,0.0,0.0,Permutation importance (test RMSE),180
non-AD,XGBoost,days_since_casi_missing_min,0.0,0.0,Permutation importance (test RMSE),181
non-AD,XGBoost,total_cholesterol_missing_last,0.0,0.0,Permutation importance (test RMSE),182
non-AD,XGBoost,vldl_missing_last,0.0,0.0,Permutation importance (test RMSE),183
non-AD,XGBoost,days_since_casi_missing_last,0.0,0.0,Permutation importance (test RMSE),184
non-AD,XGBoost,cdr_global_min,0.0,0.0,Permutation importance (test RMSE),185
non-AD,XGBoost,hyperlipidemia_missing_last,0.0,0.0,Permutation importance (test RMSE),186
non-AD,XGBoost,days_since_casi_missing_mean,0.0,0.0,Permutation importance (test RMSE),187
non-AD,XGBoost,days_since_casi_max,0.0,0.0,Permutation importance (test RMSE),188
non-AD,XGBoost,diabetes_missing_last,0.0,0.0,Permutation importance (test RMSE),189
non-AD,XGBoost,casi_total_missing_min,0.0,0.0,Permutation importance (test RMSE),190
non-AD,XGBoost,casi_total_missing_max,0.0,0.0,Permutation importance (test RMSE),191
non-AD,XGBoost,casi_total_missing_std,0.0,0.0,Permutation importance (test RMSE),192
non-AD,XGBoost,casi_total_missing_mean,0.0,0.0,Permutation importance (test RMSE),193
non-AD,XGBoost,casi_language_missing_std,0.0,0.0,Permutation importance (test RMSE),194
non-AD,XGBoost,casi_language_missing_mean,0.0,0.0,Permutation importance (test RMSE),195
non-AD,XGBoost,casi_language_missing_max,0.0,0.0,Permutation importance (test RMSE),196
non-AD,XGBoost,casi_language_missing_min,0.0,0.0,Permutation importance (test RMSE),197
non-AD,XGBoost,casi_verbal_fluency_missing_min,0.0,0.0,Permutation importance (test RMSE),198
non-AD,XGBoost,casi_verbal_fluency_missing_max,0.0,0.0,Permutation importance (test RMSE),199
non-AD,XGBoost,vldl_gap_days_log_min,0.0,0.0,Permutation importance (test RMSE),200
non-AD,XGBoost,ldl_gap_days_log_min,0.0,0.0,Permutation importance (test RMSE),201
non-AD,XGBoost,hdl_gap_days_log_min,0.0,0.0,Permutation importance (test RMSE),202
non-AD,XGBoost,hdl_gap_days_log_mean,0.0,0.0,Permutation importance (test RMSE),203
non-AD,XGBoost,hba1c_gap_days_log_min,0.0,0.0,Permutation importance (test RMSE),204
non-AD,XGBoost,fasting_glucose_gap_days_log_min,0.0,0.0,Permutation importance (test RMSE),205
non-AD,XGBoost,triglyceride_gap_days_log_max,0.0,0.0,Permutation importance (test RMSE),206
non-AD,XGBoost,triglyceride_gap_days_log_min,0.0,0.0,Permutation importance (test RMSE),207
non-AD,XGBoost,triglyceride_gap_days_log_std,0.0,0.0,Permutation importance (test RMSE),208
non-AD,XGBoost,total_cholesterol_gap_days_log_min,0.0,0.0,Permutation importance (test RMSE),209
non-AD,XGBoost,hyperlipidemia_std,0.0,0.0,Permutation importance (test RMSE),210
non-AD,XGBoost,hyperlipidemia_mean,0.0,0.0,Permutation importance (test RMSE),211
non-AD,XGBoost,diabetes_max,0.0,0.0,Permutation importance (test RMSE),212
non-AD,XGBoost,diabetes_min,0.0,0.0,Permutation importance (test RMSE),213
non-AD,XGBoost,diabetes_std,0.0,0.0,Permutation importance (test RMSE),214
non-AD,XGBoost,hypertension_max,0.0,0.0,Permutation importance (test RMSE),215
non-AD,XGBoost,hypertension_std,0.0,0.0,Permutation importance (test RMSE),216
non-AD,XGBoost,education_min,0.0,0.0,Permutation importance (test RMSE),217
non-AD,XGBoost,age_first_mmse_max,0.0,0.0,Permutation importance (test RMSE),218
non-AD,XGBoost,casi_verbal_fluency_missing_std,0.0,0.0,Permutation importance (test RMSE),219
non-AD,XGBoost,casi_verbal_fluency_missing_mean,0.0,0.0,Permutation importance (test RMSE),220
non-AD,XGBoost,hdl_gap_days_log_missing_max,0.0,0.0,Permutation importance (test RMSE),221
non-AD,XGBoost,casi_drawing_missing_max,0.0,0.0,Permutation importance (test RMSE),222
non-AD,XGBoost,casi_short_term_memory_missing_last,0.0,0.0,Permutation importance (test RMSE),223
non-AD,XGBoost,casi_orientation_missing_last,0.0,0.0,Permutation importance (test RMSE),224
non-AD,XGBoost,casi_long_term_memory_missing_last,0.0,0.0,Permutation importance (test RMSE),225
non-AD,XGBoost,casi_mental_manipulation_missing_last,0.0,0.0,Permutation importance (test RMSE),226
non-AD,XGBoost,hypertension_missing_last,0.0,0.0,Permutation importance (test RMSE),227
non-AD,XGBoost,hba1c_gap_days_log_missing_last,0.0,0.0,Permutation importance (test RMSE),228
non-AD,XGBoost,casi_attention_missing_last,0.0,0.0,Permutation importance (test RMSE),229
non-AD,XGBoost,triglyceride_gap_days_log_missing_last,0.0,0.0,Permutation importance (test RMSE),230
non-AD,XGBoost,ldl_gap_days_log_missing_last,0.0,0.0,Permutation importance (test RMSE),231
non-AD,XGBoost,vldl_gap_days_log_missing_last,0.0,0.0,Permutation importance (test RMSE),232
non-AD,XGBoost,hdl_gap_days_log_missing_last,0.0,0.0,Permutation importance (test RMSE),233
non-AD,XGBoost,hba1c_missing_last,0.0,0.0,Permutation importance (test RMSE),234
non-AD,XGBoost,casi_drawing_missing_min,0.0,0.0,Permutation importance (test RMSE),235
non-AD,XGBoost,casi_drawing_missing_std,0.0,0.0,Permutation importance (test RMSE),236
non-AD,XGBoost,fasting_glucose_gap_days_log_missing_last,0.0,0.0,Permutation importance (test RMSE),237
non-AD,XGBoost,casi_drawing_missing_mean,0.0,0.0,Permutation importance (test RMSE),238
non-AD,XGBoost,casi_abstraction_missing_max,0.0,0.0,Permutation importance (test RMSE),239
non-AD,XGBoost,casi_abstraction_missing_std,0.0,0.0,Permutation importance (test RMSE),240
non-AD,XGBoost,casi_abstraction_missing_min,0.0,0.0,Permutation importance (test RMSE),241
non-AD,XGBoost,casi_short_term_memory_missing_max,0.0,0.0,Permutation importance (test RMSE),242
non-AD,XGBoost,casi_short_term_memory_missing_min,0.0,0.0,Permutation importance (test RMSE),243
non-AD,XGBoost,casi_short_term_memory_missing_std,0.0,0.0,Permutation importance (test RMSE),244
non-AD,XGBoost,casi_abstraction_missing_mean,0.0,0.0,Permutation importance (test RMSE),245
non-AD,XGBoost,casi_short_term_memory_missing_mean,0.0,0.0,Permutation importance (test RMSE),246
non-AD,XGBoost,casi_long_term_memory_missing_max,0.0,0.0,Permutation importance (test RMSE),247
non-AD,XGBoost,casi_long_term_memory_missing_min,0.0,0.0,Permutation importance (test RMSE),248
non-AD,XGBoost,gender_max,0.0,0.0,Permutation importance (test RMSE),249
non-AD,XGBoost,apoe_missing_max,0.0,0.0,Permutation importance (test RMSE),250
non-AD,XGBoost,apoe_missing_min,0.0,0.0,Permutation importance (test RMSE),251
non-AD,XGBoost,apoe_missing_std,0.0,0.0,Permutation importance (test RMSE),252
non-AD,XGBoost,apoe_missing_mean,0.0,0.0,Permutation importance (test RMSE),253
non-AD,XGBoost,apoe4_count_max,0.0,0.0,Permutation importance (test RMSE),254
non-AD,XGBoost,apoe4_count_min,0.0,0.0,Permutation importance (test RMSE),255
non-AD,XGBoost,apoe4_count_mean,0.0,0.0,Permutation importance (test RMSE),256
non-AD,XGBoost,hyperlipidemia_max,0.0,0.0,Permutation importance (test RMSE),257
non-AD,XGBoost,hyperlipidemia_min,0.0,0.0,Permutation importance (test RMSE),258
non-AD,XGBoost,casi_long_term_memory_missing_std,0.0,0.0,Permutation importance (test RMSE),259
non-AD,XGBoost,casi_long_term_memory_missing_mean,0.0,0.0,Permutation importance (test RMSE),260
non-AD,XGBoost,casi_orientation_missing_max,0.0,0.0,Permutation importance (test RMSE),261
non-AD,XGBoost,hba1c_gap_days_log_last,0.0,0.0,Permutation importance (test RMSE),262
non-AD,XGBoost,triglyceride_gap_days_log_last,0.0,0.0,Permutation importance (test RMSE),263
non-AD,XGBoost,casi_total_missing_last,0.0,0.0,Permutation importance (test RMSE),264
non-AD,XGBoost,casi_language_missing_last,0.0,0.0,Permutation importance (test RMSE),265
non-AD,XGBoost,casi_verbal_fluency_missing_last,0.0,0.0,Permutation importance (test RMSE),266
non-AD,XGBoost,casi_drawing_missing_last,0.0,0.0,Permutation importance (test RMSE),267
non-AD,XGBoost,casi_abstraction_missing_last,0.0,0.0,Permutation importance (test RMSE),268
non-AD,XGBoost,casi_orientation_missing_min,0.0,0.0,Permutation importance (test RMSE),269
non-AD,XGBoost,casi_orientation_missing_std,0.0,0.0,Permutation importance (test RMSE),270
non-AD,XGBoost,casi_attention_missing_max,0.0,0.0,Permutation importance (test RMSE),271
non-AD,XGBoost,casi_attention_missing_min,0.0,0.0,Permutation importance (test RMSE),272
non-AD,XGBoost,casi_attention_missing_mean,0.0,0.0,Permutation importance (test RMSE),273
non-AD,XGBoost,casi_mental_manipulation_missing_max,0.0,0.0,Permutation importance (test RMSE),274
non-AD,XGBoost,casi_mental_manipulation_missing_min,0.0,0.0,Permutation importance (test RMSE),275
non-AD,XGBoost,visit_gap_log_min,0.0,0.0,Permutation importance (test RMSE),276
non-AD,XGBoost,hyperlipidemia_missing_std,0.0,0.0,Permutation importance (test RMSE),277
non-AD,XGBoost,hyperlipidemia_missing_mean,0.0,0.0,Permutation importance (test RMSE),278
non-AD,XGBoost,diabetes_missing_max,0.0,0.0,Permutation importance (test RMSE),279
non-AD,XGBoost,diabetes_missing_min,0.0,0.0,Permutation importance (test RMSE),280
non-AD,XGBoost,fasting_glucose_gap_days_log_missing_mean,0.0,0.0,Permutation importance (test RMSE),281
non-AD,XGBoost,fasting_glucose_gap_days_log_missing_std,0.0,0.0,Permutation importance (test RMSE),282
non-AD,XGBoost,hyperlipidemia_missing_min,0.0,0.0,Permutation importance (test RMSE),283
non-AD,XGBoost,cdr_orientation_last,0.0,0.0,Permutation importance (test RMSE),284
non-AD,XGBoost,hyperlipidemia_missing_max,0.0,0.0,Permutation importance (test RMSE),285
non-AD,XGBoost,vldl_gap_days_log_mean,-5.5926420049312585e-06,0.0008727687113845385,Permutation importance (test RMSE),286
non-AD,XGBoost,mmse_std,-1.7231551385663014e-05,0.0008263733985514489,Permutation importance (test RMSE),287
non-AD,XGBoost,fasting_glucose_min,-1.767130572810083e-05,9.933614680377561e-05,Permutation importance (test RMSE),288
non-AD,XGBoost,triglyceride_gap_days_log_mean,-1.9271536553774893e-05,0.00010062444699953536,Permutation importance (test RMSE),289
non-AD,XGBoost,vldl_gap_days_log_last,-2.3221105692167177e-05,6.906322846725069e-05,Permutation importance (test RMSE),290
non-AD,XGBoost,hdl_missing_last,-2.4943205740723952e-05,9.502697846499592e-05,Permutation importance (test RMSE),291
non-AD,XGBoost,apoe_missing_last,-3.029577804533612e-05,0.00017045809242803957,Permutation importance (test RMSE),292
non-AD,XGBoost,total_cholesterol_gap_days_log_std,-3.678209295315815e-05,3.049614714986846e-05,Permutation importance (test RMSE),293
non-AD,XGBoost,education_mean,-3.713886797250821e-05,0.0004467526606808726,Permutation importance (test RMSE),294
non-AD,XGBoost,casi_orientation_std,-3.832560928268003e-05,0.00011641061434086645,Permutation importance (test RMSE),295
non-AD,XGBoost,age_first_mmse_min,-5.3998141681660396e-05,6.037685950966427e-05,Permutation importance (test RMSE),296
non-AD,XGBoost,ldl_gap_days_log_std,-5.573575799006636e-05,0.00041093738254286127,Permutation importance (test RMSE),297
non-AD,XGBoost,age_first_mmse_std,-5.604018536979061e-05,0.0001522961221600258,Permutation importance (test RMSE),298
non-AD,XGBoost,ldl_min,-6.0481169750400964e-05,0.0004047195175941204,Permutation importance (test RMSE),299
non-AD,XGBoost,cdr_memory_min,-6.1011187376897035e-05,9.461102817669765e-05,Permutation importance (test RMSE),300
non-AD,XGBoost,casi_orientation_last,-6.797781470934682e-05,0.0006106431838673544,Permutation importance (test RMSE),301
non-AD,XGBoost,hypertension_min,-9.186599462113754e-05,8.12283283930479e-05,Permutation importance (test RMSE),302
non-AD,XGBoost,casi_total_max,-0.00010664732430961388,0.0003065261488061537,Permutation importance (test RMSE),303
non-AD,XGBoost,hba1c_gap_days_log_std,-0.0001264658973421595,0.0003056787270220982,Permutation importance (test RMSE),304
non-AD,XGBoost,fasting_glucose_std,-0.00012914846724697282,0.000671843826250308,Permutation importance (test RMSE),305
non-AD,XGBoost,total_cholesterol_min,-0.00013835247240152337,0.00026675007333714794,Permutation importance (test RMSE),306
non-AD,XGBoost,casi_attention_std,-0.00014155163020105333,0.0001906560598860511,Permutation importance (test RMSE),307
non-AD,XGBoost,casi_long_term_memory_std,-0.0001834918619596809,0.00012024270165227158,Permutation importance (test RMSE),308
non-AD,XGBoost,diabetes_mean,-0.00020487879045589518,0.00039045762816318,Permutation importance (test RMSE),309
non-AD,XGBoost,casi_attention_missing_std,-0.00024093881131674044,0.00045455809825111117,Permutation importance (test RMSE),310
non-AD,XGBoost,hyperlipidemia_last,-0.00024222971973668906,0.00026676130961264896,Permutation importance (test RMSE),311
non-AD,XGBoost,cdr_global_last,-0.0002792162914314306,0.00019756753577931165,Permutation importance (test RMSE),312
non-AD,XGBoost,cdr_memory_mean,-0.0003088867006369067,0.0007702564470939748,Permutation importance (test RMSE),313
non-AD,XGBoost,hdl_std,-0.0003203748307056553,0.0008093949099273993,Permutation importance (test RMSE),314
non-AD,XGBoost,fasting_glucose_gap_days_log_max,-0.00033175681057279747,0.00077862571486991,Permutation importance (test RMSE),315
non-AD,XGBoost,triglyceride_last,-0.0003759678821303708,0.0003630386845070934,Permutation importance (test RMSE),316
non-AD,XGBoost,casi_total_std,-0.0003905646573534066,0.000984494155067553,Permutation importance (test RMSE),317
non-AD,XGBoost,triglyceride_std,-0.0004379162720393459,0.0014376672089061956,Permutation importance (test RMSE),318
non-AD,XGBoost,casi_short_term_memory_std,-0.0004903343237919078,0.00047228533939014085,Permutation importance (test RMSE),319
non-AD,XGBoost,ldl_gap_days_log_mean,-0.000516110455435173,0.00025396843243856334,Permutation importance (test RMSE),320
non-AD,XGBoost,casi_verbal_fluency_mean,-0.0005247573764527835,0.00240011264298387,Permutation importance (test RMSE),321
non-AD,XGBoost,vldl_std,-0.0005325630474343257,0.005078644290202313,Permutation importance (test RMSE),322
non-AD,XGBoost,cdr_judgment_last,-0.000542182413489914,0.0013919915280580775,Permutation importance (test RMSE),323
non-AD,XGBoost,visit_gap_log_last,-0.000575912702908954,0.0005935225499593097,Permutation importance (test RMSE),324
non-AD,XGBoost,ldl_gap_days_log_max,-0.0006192485904137013,0.00073994753482472,Permutation importance (test RMSE),325
non-AD,XGBoost,cdr_global_max,-0.0006532949070377714,0.00030473335635490144,Permutation importance (test RMSE),326
non-AD,XGBoost,cdr_judgment_min,-0.0006841959289965449,0.00047432631681207805,Permutation importance (test RMSE),327
non-AD,XGBoost,fasting_glucose_gap_days_log_mean,-0.0007022841090217003,0.0005094037577820587,Permutation importance (test RMSE),328
non-AD,XGBoost,casi_mental_manipulation_last,-0.0007230824871523461,0.0005600756677034956,Permutation importance (test RMSE),329
non-AD,XGBoost,total_cholesterol_max,-0.0008761921140324258,0.000556546928138751,Permutation importance (test RMSE),330
non-AD,XGBoost,cdr_home_hobbies_std,-0.0008865673268656782,0.0012054491890839672,Permutation importance (test RMSE),331
non-AD,XGBoost,casi_drawing_max,-0.0009336100974540879,0.0008272986843646287,Permutation importance (test RMSE),332
non-AD,XGBoost,cdr_personal_care_std,-0.0009377715360854605,0.0009150141797302483,Permutation importance (test RMSE),333
non-AD,XGBoost,cdr_judgment_std,-0.0009460158508223654,0.0008860974019504734,Permutation importance (test RMSE),334
non-AD,XGBoost,cdr_judgment_max,-0.0010131884929451523,0.00047317352485449127,Permutation importance (test RMSE),335
non-AD,XGBoost,cdr_sob_max,-0.0010695583785399975,0.0008599066267852548,Permutation importance (test RMSE),336
non-AD,XGBoost,casi_orientation_mean,-0.0011586461916182095,0.0005115753527530892,Permutation importance (test RMSE),337
non-AD,XGBoost,casi_mental_manipulation_min,-0.0011944839192275652,0.002165086954982255,Permutation importance (test RMSE),338
non-AD,XGBoost,total_cholesterol_mean,-0.001235533718857562,0.0008409478772423256,Permutation importance (test RMSE),339
non-AD,XGBoost,cdr_personal_care_mean,-0.001342939164928897,0.0011873148269483465,Permutation importance (test RMSE),340
non-AD,XGBoost,ldl_last,-0.0017049082972713319,0.0008778699545823641,Permutation importance (test RMSE),341
non-AD,XGBoost,cdr_sob_std,-0.001763395011452229,0.0007180115996992271,Permutation importance (test RMSE),342
non-AD,XGBoost,casi_abstraction_max,-0.0020205713989964987,0.0017016954551579786,Permutation importance (test RMSE),343
non-AD,XGBoost,diabetes_last,-0.0020687029033795933,0.0025039024251257234,Permutation importance (test RMSE),344
non-AD,XGBoost,casi_mental_manipulation_std,-0.0022094219309470088,0.002108022336112165,Permutation importance (test RMSE),345
non-AD,XGBoost,cdr_judgment_mean,-0.0027566531713595745,0.0019087856937005459,Permutation importance (test RMSE),346
non-AD,XGBoost,cdr_home_hobbies_last,-0.003176363311735697,0.0013313193802553121,Permutation importance (test RMSE),347
non-AD,XGBoost,casi_verbal_fluency_min,-0.003224642744437273,0.0018045945915863763,Permutation importance (test RMSE),348
non-AD,XGBoost,cdr_global_mean,-0.0032338063101364917,0.003032112284579178,Permutation importance (test RMSE),349
non-AD,XGBoost,casi_drawing_last,-0.0032995646208277803,0.00284641803551494,Permutation importance (test RMSE),350
non-AD,XGBoost,casi_mental_manipulation_mean,-0.0038813466278260766,0.005827288156885472,Permutation importance (test RMSE),351
non-AD,XGBoost,casi_drawing_mean,-0.003932730319260258,0.0016641129087648946,Permutation importance (test RMSE),352
non-AD,XGBoost,cdr_community_max,-0.004485651595581122,0.002123879127726872,Permutation importance (test RMSE),353
non-AD,XGBoost,casi_short_term_memory_last,-0.004702614792495269,0.0028222072995143115,Permutation importance (test RMSE),354
non-AD,XGBoost,cdr_community_last,-0.005465900180580715,0.005800505769436118,Permutation importance (test RMSE),355
non-AD,XGBoost,cdr_home_hobbies_mean,-0.00600876197011356,0.0021752754618271255,Permutation importance (test RMSE),356
non-AD,XGBoost,cdr_sob_last,-0.006172574263562433,0.003891217370091699,Permutation importance (test RMSE),357
non-AD,XGBoost,ldl_max,-0.0077992137160790035,0.011110669635459059,Permutation importance (test RMSE),358
non-AD,XGBoost,cdr_memory_last,-0.008002728270909582,0.003252161496014668,Permutation importance (test RMSE),359
non-AD,XGBoost,casi_verbal_fluency_last,-0.008659090079693918,0.005779185461353846,Permutation importance (test RMSE),360
non-AD,XGBoost,cdr_community_mean,-0.012060885353666664,0.00395938084201856,Permutation importance (test RMSE),361
non-AD,XGBoost,cdr_sob_mean,-0.015857651548102005,0.005714535588167375,Permutation importance (test RMSE),362
